,mean_reward_100_steps,steps
0,-375.40401169254056,79
1,-295.2499624229332,142
2,-256.062230027454,209
3,-231.46258055012362,314
4,-216.47652823828966,430
5,-213.6343085814491,531
6,-203.52291689863884,654
7,-187.83843240528296,719
8,-190.29135446679095,863
9,-181.34190918876183,996
10,-195.35781893344466,1080
11,-207.8002564887905,1147
12,-226.88487709725982,1243
13,-216.32094060687334,1366
14,-210.71095855639564,1457
15,-202.73819577806847,1561
16,-204.11085623314187,1779
17,-207.62478333430283,1881
18,-205.3750045225719,1990
19,-206.09682390710486,2083
20,-198.87877912968037,2167
21,-192.8725833824857,2264
22,-189.63779320664506,2488
23,-189.91532718286763,2628
24,-201.6060507013669,2804
25,-200.43330065799577,2938
26,-209.43578632652978,3040
27,-206.30430295233876,3170
28,-211.7769516063783,3266
29,-233.41553923730572,3443
30,-260.5665006741403,3678
31,-257.23230657248246,3770
32,-261.05504582481564,3872
33,-266.48652176697976,3982
34,-271.47531225413434,4132
35,-277.0048333078487,4279
36,-280.6255003198728,4355
37,-287.081704418806,4455
38,-291.1969059340904,4545
39,-292.27486220508536,4631
40,-286.80290329538315,4755
41,-287.97834834531255,4850
42,-292.46677576771657,4930
43,-289.8833498946895,5054
44,-296.7974225049904,5138
45,-326.0798605409298,5361
46,-327.813269517317,5448
47,-338.5436081922615,5627
48,-343.1295551753121,5712
49,-344.446046120083,5795
50,-348.4842344988867,5914
51,-351.06942169357086,5998
52,-354.0837794045467,6076
53,-368.14679183226605,6235
54,-370.14771908476126,6324
55,-376.0092203739318,6430
56,-378.0896645505496,6509
57,-396.6539914868413,6752
58,-400.3126978689784,6827
59,-403.35608454911596,6910
60,-408.65974772221875,7027
61,-411.7523405385997,7110
62,-424.95556187668745,7304
63,-426.43306459254114,7379
64,-440.58042616257814,7562
65,-445.20409902927355,7673
66,-450.86151115016463,7784
67,-456.7025611373475,7925
68,-460.53848811484625,8026
69,-465.19260408560905,8170
70,-480.3127080816501,8376
71,-483.78588651319245,8538
72,-483.4829686717847,8614
73,-482.4696092929137,8698
74,-491.0990746853715,8872
75,-492.493355985955,8968
76,-492.7612236051911,9060
77,-493.5896781985252,9152
78,-495.4999829436991,9254
79,-504.12443990223164,9405
80,-508.15741295968627,9540
81,-509.0178685308826,9614
82,-508.5142025886186,9694
83,-506.6287435092044,9786
84,-512.4510133877329,9940
85,-512.5531072071416,10012
86,-511.9369108162364,10089
87,-512.4784089324498,10160
88,-511.3137427624543,10252
89,-513.2671719044059,10366
90,-534.0669344214563,10635
91,-535.6273488005162,10733
92,-536.229116375755,10864
93,-536.7485880331957,10943
94,-536.777792437805,11019
95,-536.7463086250162,11105
96,-540.053031486892,11243
97,-540.3774062126317,11330
98,-540.336799088005,11407
99,-539.5285843019855,11496
100,-566.2933757894388,11811
101,-571.5604620123421,11916
102,-581.9259486504104,12084
103,-592.6184948560419,12247
104,-607.2813531102356,12435
105,-615.9046709295434,12593
106,-619.0987276066538,12674
107,-624.9967841469355,12778
108,-629.5201463663113,12881
109,-637.7458192563311,12994
110,-639.8302505689737,13084
111,-642.9895931114293,13218
112,-643.6993186604225,13291
113,-649.4930034452645,13391
114,-656.5538881908099,13504
115,-666.5284850263846,13653
116,-668.0798328974183,13757
117,-676.7506455951686,13941
118,-681.6625402315336,14048
119,-684.6338739683187,14144
120,-694.2483771682106,14310
121,-698.0731842600626,14384
122,-707.1458281227823,14548
123,-712.1573744189579,14655
124,-713.8233096031333,14749
125,-744.5332854000256,15081
126,-759.8973689678905,15321
127,-781.9505778592589,15567
128,-790.1681407448682,15715
129,-790.6889929833685,15838
130,-785.3659552342017,15914
131,-791.5339272447038,16074
132,-804.8873555432242,16276
133,-822.5721435556422,16521
134,-827.9864402911065,16676
135,-839.2994228562093,16900
136,-842.2591549059644,16996
137,-847.7426195371947,17141
138,-863.286709724896,17380
139,-866.0419589076146,17457
140,-873.9290311578065,17586
141,-880.1189477440822,17724
142,-880.7003296781086,17817
143,-883.7443771904476,17898
144,-881.5604924854385,17976
145,-870.0297995144373,18059
146,-871.4990908683599,18133
147,-881.6449489352962,18355
148,-886.1064414787111,18506
149,-888.2897011875616,18615
150,-895.4349962879563,18794
151,-894.9178959035369,18869
152,-900.6730485293607,19029
153,-895.9728780706984,19116
154,-895.8490522461955,19188
155,-898.7401617959747,19327
156,-899.5624537535051,19422
157,-890.6418157281782,19494
158,-891.6076220218233,19622
159,-891.681750527196,19703
160,-891.4098615687249,19821
161,-896.6679374885123,19974
162,-892.1924079852183,20075
163,-893.8471334609821,20187
164,-885.3062681461386,20280
165,-882.2112341809814,20368
166,-885.472068465768,20538
167,-883.9886469152513,20625
168,-881.4818391479125,20704
169,-887.0657424756705,20886
170,-878.5041802287134,20983
171,-874.7702029531231,21073
172,-876.0893321865333,21143
173,-880.1142451640061,21271
174,-875.3147428118078,21362
175,-875.2833696988193,21444
176,-875.4476326506375,21532
177,-875.3448728965036,21633
178,-874.9472695751306,21743
179,-867.9390693477003,21818
180,-865.804461269443,21916
181,-865.3598472005062,22014
182,-880.4755385131473,22278
183,-883.4471167362691,22393
184,-879.5686603284753,22508
185,-879.533784296559,22602
186,-880.7771919566565,22699
187,-881.5522816529623,22805
188,-885.9434486351988,22925
189,-883.5431307233566,23016
190,-865.2240372899051,23107
191,-863.5468197626801,23184
192,-881.95539255752,23477
193,-884.6423830551039,23598
194,-886.4786214834135,23687
195,-890.0669071202167,23821
196,-910.295306215827,24106
197,-910.0722634960823,24196
198,-909.7279719392328,24270
199,-913.3539347633028,24374
200,-893.7316040133989,24558
201,-899.203127869419,24753
202,-891.242299766935,24837
203,-884.4879879989808,24914
204,-874.2619900864935,24988
205,-867.2309377368279,25065
206,-879.4650547206239,25286
207,-879.2629236179334,25367
208,-880.6420747266791,25501
209,-877.1253316299469,25595
210,-883.4723633543717,25748
211,-883.6754909824864,25854
212,-884.265015924969,25953
213,-882.5454756588449,26042
214,-881.8131026557534,26182
215,-878.3439755410312,26286
216,-883.5204165744309,26423
217,-879.3488441010189,26539
218,-878.0511435030687,26620
219,-878.8928251556505,26715
220,-873.5976981375359,26788
221,-873.9803765281728,26889
222,-867.6287579214684,26961
223,-865.9492247753589,27061
224,-864.8044874387291,27147
225,-844.3565141997268,27329
226,-829.4669290721417,27423
227,-811.6860881222083,27546
228,-805.6077973892719,27644
229,-805.3199232333586,27753
230,-805.703053238152,27843
231,-811.6322495454921,28027
232,-799.1767088376499,28103
233,-787.6383279909173,28259
234,-788.4844734660946,28397
235,-779.0081893882482,28485
236,-779.4216906347498,28590
237,-777.3326168473011,28721
238,-765.4556115207871,28837
239,-766.043824667237,28968
240,-765.8154095682695,29121
241,-762.5068250020787,29195
242,-764.5464249033453,29305
243,-779.3725134912447,29523
244,-782.6952377279314,29659
245,-784.4822290892401,29775
246,-787.053526378596,29897
247,-780.9708166197564,30076
248,-777.8490239704478,30206
249,-781.531158505666,30361
250,-781.6704388568454,30554
251,-782.9245106838098,30642
252,-779.5443505874198,30754
253,-779.7978430174877,30853
254,-782.3975701668356,30953
255,-777.8174697269553,31060
256,-778.7873020554264,31153
257,-819.7363221734934,31565
258,-820.0747285529328,31664
259,-818.7190274296586,31756
260,-817.0194911767998,31841
261,-811.7910498897268,31941
262,-809.0899748755786,32037
263,-812.2074351504393,32176
264,-837.0617237614706,32522
265,-838.4793950581902,32609
266,-838.5286809316214,32758
267,-837.165161732814,32845
268,-837.8162121388948,32930
269,-831.0806509102943,33027
270,-833.6147456314933,33179
271,-844.4750644622895,33400
272,-844.5182533760634,33489
273,-855.7625013528502,33725
274,-865.6873068086419,33936
275,-865.2457433734033,34013
276,-866.3147136474606,34139
277,-867.5917232638025,34252
278,-866.3534596151774,34326
279,-865.7978846270557,34421
280,-864.8140539781915,34510
281,-868.8247971907454,34635
282,-854.006290228125,34710
283,-854.3933068284464,34822
284,-854.5344700049432,34936
285,-862.9725777226299,35117
286,-863.2306157248687,35226
287,-860.1900211962878,35305
288,-876.6181025350347,35578
289,-877.8042703220893,35659
290,-876.1427663027722,35755
291,-876.7873440062061,35841
292,-856.4799468636053,35917
293,-857.6216150543505,36054
294,-855.3684375329764,36150
295,-851.3222133805352,36231
296,-826.8663764315811,36323
297,-827.8953639872468,36452
298,-829.853681041803,36561
299,-827.1307539079738,36642
300,-832.7813536614366,36848
301,-856.017994333126,37171
302,-858.3953740960513,37243
303,-858.0417878636107,37328
304,-855.7120438753836,37413
305,-855.8038523959763,37493
306,-848.7523807207408,37625
307,-848.73662342092,37726
308,-848.2705666966517,37845
309,-853.3492020405038,38023
310,-861.3894510718537,38286
311,-859.718009349955,38381
312,-863.4515633932784,38563
313,-869.8695583810377,38717
314,-874.1089794119579,38891
315,-895.3122251317934,39187
316,-892.3656520498876,39289
317,-890.9390944072541,39398
318,-890.3600469150766,39495
319,-890.244520993947,39574
320,-901.873697715909,39778
321,-901.9894300615556,39872
322,-902.6142717998273,39947
323,-907.3430886908163,40089
324,-910.2988449128644,40233
325,-905.8053976699276,40392
326,-908.9129463330514,40511
327,-925.9806411483078,40817
328,-926.2154051177853,40895
329,-925.1070943641739,40998
330,-925.5050854241216,41124
331,-929.6792152372929,41320
332,-930.6085869672083,41413
333,-929.0529267622085,41561
334,-924.275607165667,41638
335,-923.710222250162,41730
336,-920.1606674697905,41806
337,-918.2165546888538,41891
338,-922.2665210571699,42043
339,-920.8030902759156,42169
340,-916.4893944183159,42245
341,-915.0406650040433,42324
342,-922.8692022457735,42525
343,-911.6610547328531,42639
344,-918.4888838988935,42837
345,-918.3501681116712,42919
346,-917.8345841844259,43019
347,-926.939047701844,43272
348,-924.8375460955081,43346
349,-924.5513332379045,43480
350,-918.5663819728522,43563
351,-924.0897214276193,43709
352,-928.7450401920265,43874
353,-934.0335175347337,44015
354,-934.2405037643798,44113
355,-936.4816146960328,44242
356,-939.0927910035598,44369
357,-899.7912435728109,44486
358,-897.8677525697052,44587
359,-901.2198243278809,44723
360,-907.0040226372604,44891
361,-907.4583684107615,44980
362,-909.0493175072712,45070
363,-904.4004458070274,45147
364,-881.3485330112418,45253
365,-880.9915142728931,45326
366,-874.9244976159639,45403
367,-879.395208785472,45539
368,-880.4248810912131,45644
369,-879.8189729262783,45725
370,-875.3400467746434,45802
371,-867.4266351144056,45907
372,-869.9340585295154,46045
373,-857.2441603040907,46139
374,-846.0498004374219,46221
375,-849.6341726937895,46350
376,-861.2014647137487,46555
377,-861.4266840135571,46652
378,-862.5069617581213,46738
379,-862.7715104997048,46817
380,-865.2531713201153,46929
381,-861.3456195933147,47015
382,-862.9636753234439,47108
383,-865.7465139768068,47254
384,-864.1293869803343,47330
385,-858.236629516593,47436
386,-857.0863965982555,47541
387,-860.3257983349753,47644
388,-841.1901436216131,47719
389,-860.7817963331643,48001
390,-866.1966118856234,48155
391,-865.9197385270169,48237
392,-881.7678718541436,48455
393,-876.4875976695962,48541
394,-878.0516180486782,48658
395,-878.369988137747,48750
396,-880.4511443802909,48857
397,-894.1200178028787,49083
398,-893.2443793719517,49205
399,-895.9924534530661,49328
400,-884.6074941848459,49414
401,-857.4638831045036,49589
402,-856.3847944588242,49698
403,-858.8851518508682,49808
404,-866.042468606469,49953
405,-871.8499767408009,50084
406,-868.3921796312746,50189
407,-871.7225127112131,50317
408,-871.8479623052184,50421
409,-869.2679646990005,50559
410,-854.787149651665,50652
411,-862.9288843885167,50849
412,-857.3444114394874,50931
413,-854.416367602869,51068
414,-853.337971134104,51243
415,-838.5523993230481,51423
416,-837.5946767790406,51534
417,-856.5107468153941,51808
418,-861.6446460755698,51939
419,-861.9518217056071,52035
420,-851.648252849443,52120
421,-852.5019546540851,52208
422,-853.1317466076803,52283
423,-849.9794334862117,52374
424,-846.0960582863626,52462
425,-853.8890984539291,52655
426,-854.3632116854083,52793
427,-837.4217908346509,52868
428,-837.8939664130645,52976
429,-836.4297042144992,53060
430,-834.7247727440684,53135
431,-820.9584900443443,53228
432,-829.1126138202774,53409
433,-825.161677551351,53481
434,-834.6441446647794,53672
435,-841.6437190938725,53873
436,-847.1103232015728,54022
437,-844.86666255658,54106
438,-840.178029798713,54258
439,-855.7302919919924,54492
440,-857.7957622675733,54596
441,-859.3029215990135,54720
442,-848.8594604604489,54828
443,-857.2018375593827,55036
444,-848.1970537351677,55118
445,-845.7250906704738,55196
446,-850.1059436581653,55354
447,-833.7393210732932,55468
448,-836.1863279811154,55574
449,-832.8223567307134,55653
450,-831.3176655017813,55738
451,-824.6164368716053,55823
452,-827.5844373234223,56016
453,-823.8098894891626,56127
454,-821.9725630362113,56219
455,-819.1579655777443,56297
456,-818.2766403898266,56419
457,-817.0243560542095,56498
458,-817.6501558747163,56575
459,-815.5737865808629,56684
460,-813.1155878716417,56824
461,-815.78401370469,56979
462,-815.1797649511334,57097
463,-815.6935787852577,57175
464,-817.8324835591386,57322
465,-837.805293833761,57590
466,-837.6652438843771,57676
467,-834.1419186426267,57800
468,-833.0836539381571,57877
469,-833.5220356840504,58000
470,-835.1186279384254,58096
471,-835.2439791672632,58194
472,-834.5784551148818,58312
473,-833.1166641549904,58428
474,-841.1266209685718,58597
475,-837.2977439544267,58675
476,-832.4168733853908,58867
477,-832.6070679219889,58960
478,-833.9107290348356,59056
479,-836.5323647735115,59183
480,-837.7798748808833,59299
481,-839.6998889038928,59402
482,-839.2638586881192,59502
483,-838.8959604296826,59623
484,-840.2172053791186,59702
485,-838.1089928775733,59779
486,-838.4501413412655,59864
487,-836.8602754175773,59945
488,-837.3238969851501,60025
489,-817.2293304619396,60110
490,-815.7877716966815,60253
491,-814.9982982798102,60334
492,-801.2906128091477,60426
493,-801.5356803202894,60513
494,-799.4257411720077,60601
495,-801.4106425180298,60711
496,-801.0186660571759,60805
497,-786.2894336351828,60888
498,-785.4311647591859,60961
499,-783.6571880528718,61046
500,-784.7470169519879,61142
501,-780.7863032635769,61215
502,-786.9146141766946,61383
503,-801.5442925890109,61621
504,-796.1985390369252,61693
505,-793.658933720815,61808
506,-807.3465410829991,62037
507,-823.1884904605074,62303
508,-823.6680590278729,62426
509,-821.643738215491,62505
510,-824.5926641350155,62622
511,-814.8770568362603,62711
512,-817.4659431834093,62803
513,-814.2661112095553,62888
514,-808.5194898491005,62983
515,-802.7806884863404,63108
516,-806.4585472718359,63229
517,-789.6786772158557,63349
518,-788.0623827005749,63467
519,-789.5735519970509,63586
520,-789.4062734111011,63670
521,-790.7085660350651,63784
522,-796.4244183650517,63933
523,-797.0080067346581,64039
524,-798.6495774069538,64128
525,-787.9393162633445,64205
526,-784.9122725613256,64291
527,-785.1949082995762,64417
528,-794.1545637114059,64600
529,-792.3337804410519,64699
530,-799.3752545004302,64867
531,-801.600367741742,64943
532,-792.5550931423787,65016
533,-794.8411252742835,65158
534,-790.1337145134032,65289
535,-782.8275816931913,65380
536,-782.5375849695287,65549
537,-782.6226226912103,65621
538,-781.2019527414441,65717
539,-767.5819429131836,65830
540,-767.8797217135098,65926
541,-768.2807606034158,66020
542,-770.2219737728524,66120
543,-761.1941836676768,66236
544,-761.044032105882,66345
545,-763.351825900771,66459
546,-756.9420236039713,66543
547,-759.2500543030234,66680
548,-760.5077142996915,66852
549,-767.0673307172805,67048
550,-772.0097801164966,67198
551,-773.9435937956824,67291
552,-764.7126970524911,67369
553,-789.4775573137763,67722
554,-789.5429005597564,67800
555,-790.8381612358985,67875
556,-787.3816913878494,67946
557,-787.2464072354347,68024
558,-784.9235265993427,68101
559,-786.3923454984266,68225
560,-784.3678775998129,68330
561,-778.7061128086821,68433
562,-778.6725951839762,68513
563,-779.8966097289399,68637
564,-779.107647106285,68760
565,-758.7286124032008,68846
566,-759.1966413242685,68915
567,-760.2682511367768,69033
568,-759.6912486299248,69113
569,-760.6329814328751,69272
570,-760.432777780145,69346
571,-767.1548469573139,69526
572,-763.7487789876053,69638
573,-764.8016167734351,69725
574,-757.1809779162012,69809
575,-761.0280698512946,69973
576,-756.6285989943207,70080
577,-756.8641146947734,70191
578,-756.0599816806196,70333
579,-755.0554147454878,70434
580,-754.7044990119714,70570
581,-751.5755209185216,70675
582,-749.4693013373179,70785
583,-746.880996013071,70904
584,-744.8802445918082,70986
585,-743.9963794432451,71088
586,-742.9962271982197,71146
587,-743.5183982781851,71269
588,-741.2039738377931,71349
589,-741.6657435198879,71471
590,-742.761931683015,71576
591,-742.8796116200773,71669
592,-741.4573508712668,71736
593,-745.3965552136747,71833
594,-748.7967578193608,71926
595,-752.4635837250063,72065
596,-750.5154318466406,72128
597,-750.3462332769986,72218
598,-750.8918466722578,72327
599,-751.6759151785569,72417
600,-748.128122208257,72482
601,-749.0461039101464,72566
602,-743.6752855326416,72687
603,-726.5892162609401,72759
604,-726.2651592497336,72865
605,-725.3275318258686,72957
606,-711.5181418221523,73057
607,-689.5365126707294,73115
608,-683.5201667229313,73190
609,-681.1660576077527,73273
610,-676.7910944599411,73356
611,-677.2009156043531,73440
612,-672.7608596144611,73507
613,-670.7386143577248,73586
614,-668.7639487544366,73665
615,-663.3354139045379,73774
616,-656.3659227740312,73856
617,-651.1828824568142,73952
618,-644.7953773404365,74032
619,-637.4544558817505,74124
620,-633.2067021364776,74223
621,-627.4652385862505,74326
622,-617.5631687557482,74383
623,-611.2238060732919,74456
624,-606.1631038930237,74545
625,-602.7216737863519,74609
626,-598.650838352112,74703
627,-593.6921845462679,74759
628,-579.745933999678,74834
629,-576.1134214119683,74898
630,-565.8358351256219,74979
631,-560.7030287155364,75044
632,-557.7932243526081,75150
633,-551.7249365236692,75228
634,-542.08727157961,75299
635,-537.9597562926084,75362
636,-530.1252141544134,75441
637,-527.8735173812423,75501
638,-523.366241154707,75589
639,-517.7605408862821,75656
640,-512.600281077517,75767
641,-508.3632026482018,75830
642,-501.99100239216983,75895
643,-495.7890700181664,75970
644,-492.60995479969245,76069
645,-488.99922453749656,76138
646,-485.8923037670573,76227
647,-480.19384250346127,76349
648,-472.65110513017163,76455
649,-461.6176242440504,76557
650,-452.6382952603371,76615
651,-447.2328434232383,76673
652,-441.34683642813417,76765
653,-409.8716020213477,76857
654,-406.1264926210724,76912
655,-404.36635550118723,77039
656,-403.3481480321115,77119
657,-400.0555359296823,77178
658,-398.72070136302455,77280
659,-395.78391054202564,77364
660,-391.77101670228825,77459
661,-389.8855663548194,77522
662,-386.01307295180226,77590
663,-381.0428896315554,77710
664,-376.1239118894523,77790
665,-375.3883091526133,77870
666,-372.02045413672073,77962
667,-367.6086741700458,78043
668,-367.3783719857253,78126
669,-363.1409960894601,78188
670,-359.7883612274535,78261
671,-350.154931424701,78343
672,-347.74986326619256,78405
673,-345.53995045102397,78490
674,-342.24558423669043,78579
675,-336.4504118359175,78666
676,-330.679707078139,78726
677,-325.9204131331059,78843
678,-322.9750508981153,78900
679,-319.38511728060786,78957
680,-314.4947389457821,79029
681,-314.8178110402203,79129
682,-315.4001685587815,79241
683,-310.8138803183425,79306
684,-310.66259919379803,79383
685,-310.40474568110136,79487
686,-309.5439258857461,79563
687,-308.69075175438525,79682
688,-307.06720736226856,79753
689,-305.5085369137224,79852
690,-298.92547775220976,79940
691,-295.6559444176103,79994
692,-295.53187856420305,80085
693,-290.1550415444181,80210
694,-283.49028274154944,80280
695,-277.20883109417997,80362
696,-277.23752997385105,80456
697,-275.948613847778,80544
698,-274.1139243202478,80634
699,-267.8296282595793,80737
700,-269.199624614461,80853
701,-267.5752594065671,80944
702,-265.7164380849921,81070
703,-263.8749145602573,81143
704,-261.90992700694517,81217
705,-258.65655068896814,81332
706,-258.19181974170607,81431
707,-259.6137048055366,81569
708,-263.8481036584583,81683
709,-263.01987587309907,81754
710,-263.39128519460536,81860
711,-262.4865675072498,81940
712,-266.8218049612087,82050
713,-269.39935200787585,82135
714,-270.1261705471137,82212
715,-269.4606999431495,82311
716,-270.38780472215547,82387
717,-271.8942639906638,82468
718,-275.20828302017287,82569
719,-278.3429085396898,82668
720,-280.78960952910836,82752
721,-284.19615183706685,82866
722,-285.2377556127374,82941
723,-289.9695106244536,83049
724,-293.4509482665181,83135
725,-296.78791411925755,83239
726,-299.7703457588589,83325
727,-303.0055776019641,83400
728,-304.53311773520704,83486
729,-306.4729684564864,83582
730,-309.15444970919845,83659
731,-311.0134334901112,83719
732,-312.9275940992952,83792
733,-316.76795865283094,83892
734,-319.5305960504855,83971
735,-319.60761054349933,84065
736,-322.37112660979244,84160
737,-323.811749968645,84238
738,-324.5212310394861,84305
739,-324.1043471572752,84384
740,-326.5448941901987,84484
741,-325.82705128293117,84551
742,-329.19123926769237,84629
743,-329.54798954571123,84720
744,-330.03266676500925,84795
745,-330.5685303813099,84874
746,-330.08482824028783,84957
747,-329.8232884547891,85051
748,-330.90134161568955,85126
749,-332.6101007078706,85223
750,-332.92124061132114,85298
751,-332.1812007633192,85384
752,-334.0091550146946,85499
753,-332.52657810002034,85584
754,-331.99907305652187,85675
755,-328.95339427844016,85747
756,-326.26109863303304,85827
757,-324.6001747799862,85921
758,-324.00102287237877,86018
759,-320.90393609724293,86109
760,-319.4721497369899,86168
761,-321.23000382162587,86237
762,-318.60863739027167,86308
763,-318.00282371300403,86383
764,-316.34491224637907,86437
765,-315.21568684609343,86542
766,-314.2307488441724,86606
767,-311.85303999264704,86671
768,-308.103177173061,86731
769,-306.13179282517353,86836
770,-303.79069809115464,86924
771,-301.2566110615436,87002
772,-300.41816344439775,87081
773,-298.3939725801445,87173
774,-297.0844822040691,87227
775,-295.4430013677696,87288
776,-293.8946108786537,87379
777,-293.28609680580905,87478
778,-290.5963897513044,87534
779,-289.5103962397205,87602
780,-286.9451459117695,87662
781,-283.2715847324916,87724
782,-279.95499577917803,87811
783,-279.1988181992228,87897
784,-276.65457490268824,87983
785,-273.6549462921723,88045
786,-271.6896420627039,88127
787,-269.4104200183948,88212
788,-268.5671653452523,88297
789,-265.57620878426957,88361
790,-264.0344828250311,88428
791,-263.91129100586187,88525
792,-260.5692650437018,88588
793,-258.6117914166229,88687
794,-258.96074616954314,88760
795,-255.75068547279062,88829
796,-252.4966127032094,88895
797,-249.4473271749041,88953
798,-246.35889744535652,89011
799,-247.85194420194964,89114
800,-245.09471763846258,89187
801,-242.79115457143158,89279
802,-239.43292665839098,89352
803,-237.13808515099836,89408
804,-234.95227502929694,89500
805,-233.49867613076466,89592
806,-229.07418416547824,89655
807,-224.98595228401666,89727
808,-219.64211311692492,89812
809,-218.65133219884578,89903
810,-215.89257269404166,89980
811,-213.7717504939392,90049
812,-209.95837123499098,90160
813,-205.42719811292292,90237
814,-202.70032596276008,90331
815,-202.54038592543077,90428
816,-201.05343262444978,90530
817,-198.97579862660004,90615
818,-196.15405232984472,90737
819,-193.9106586989844,90832
820,-191.13750395391196,90903
821,-187.79360580710457,90987
822,-186.86611268037822,91063
823,-183.0349059286054,91173
824,-181.7832697051856,91259
825,-178.7267072001863,91360
826,-176.5030726113959,91437
827,-173.6929434960545,91532
828,-171.8494514805277,91599
829,-170.39069266449877,91652
830,-167.50569016575497,91708
831,-165.2726598403022,91772
832,-164.37024054119212,91852
833,-160.83521650846777,91924
834,-157.54845018744,92025
835,-157.40699770034217,92096
836,-155.88232000308696,92204
837,-153.16931928371977,92268
838,-152.8924996178543,92351
839,-153.5338761735193,92463
840,-150.99079143755475,92528
841,-150.14725195555337,92619
842,-147.81511300106385,92674
843,-147.30306543241284,92745
844,-146.20631890777554,92849
845,-145.13567247010673,92946
846,-144.27329780739217,93002
847,-143.44662828612942,93111
848,-142.5383069345003,93200
849,-140.08674440947433,93266
850,-139.75436758348366,93335
851,-140.35566014073893,93440
852,-139.44515468416793,93498
853,-140.56759182099793,93614
854,-140.44045171760135,93699
855,-140.4257694232034,93756
856,-140.22789491983139,93815
857,-141.12760877633914,93891
858,-140.43540827291574,93960
859,-140.20210550329998,94021
860,-138.88393115991573,94122
861,-136.64342081844455,94194
862,-138.13074337635476,94304
863,-137.8142677663106,94380
864,-137.7685322146962,94458
865,-136.00737554191306,94565
866,-136.19429816132129,94641
867,-136.74698489526673,94699
868,-137.1130604567565,94758
869,-137.215275309227,94838
870,-137.53658267381243,94906
871,-137.5564151509283,94986
872,-137.40508352053385,95050
873,-136.32180939369752,95159
874,-136.07551864876655,95223
875,-135.51749948297532,95306
876,-135.20504886071984,95371
877,-134.28134474191765,95430
878,-134.5650682133332,95506
879,-134.35824192574074,95571
880,-134.11051911967482,95668
881,-134.75258178958734,95762
882,-134.73333739890822,95843
883,-134.80465399524658,95933
884,-134.53207820210574,95992
885,-133.98741372269,96064
886,-133.53642626617008,96174
887,-132.57527503783538,96269
888,-133.93713575264672,96379
889,-133.57475939518883,96491
890,-133.75565524603493,96544
891,-135.84759052322582,96644
892,-135.950396424535,96719
893,-135.95266812334916,96821
894,-135.07514912708865,96924
895,-135.11334456642976,97011
896,-134.38315785086633,97115
897,-134.8611061710592,97187
898,-135.06560902125923,97259
899,-133.56803465954206,97324
900,-133.49253966789453,97403
901,-132.88900060932363,97484
902,-132.7776854750876,97540
903,-132.3585838234947,97605
904,-132.60263265859433,97686
905,-134.10650281526455,97796
906,-134.26420910330745,97899
907,-134.33771668012122,97959
908,-133.98253591538045,98023
909,-133.09242167492886,98122
910,-132.47445483896865,98218
911,-132.47952968580802,98291
912,-130.35079359462006,98394
913,-130.28880921753847,98482
914,-130.09745078281458,98540
915,-129.40831755451677,98618
916,-128.9690788568309,98691
917,-127.85458273663895,98767
918,-126.94077306409912,98851
919,-126.76637305469228,98929
920,-126.7267859234577,99025
921,-126.3723772672293,99099
922,-125.83450611156469,99159
923,-124.70455309465868,99220
924,-122.50121589337897,99317
925,-123.5915160119312,99419
926,-122.25064880368207,99529
927,-121.65111572070775,99606
928,-121.66442253383643,99694
929,-123.58219849962882,99795
930,-123.26515418601412,99920
931,-123.26012931116715,100002
932,-121.58524191983912,100107
933,-121.01029370340525,100208
934,-121.28991021033099,100291
935,-120.79256390448951,100370
936,-119.17371191214396,100463
937,-119.41014451645422,100545
938,-117.90241481662738,100624
939,-119.1141658421947,100740
940,-119.2211454441533,100829
941,-120.16881676944534,100937
942,-121.28833438015073,101045
943,-122.65137489087341,101168
944,-122.8538013085092,101281
945,-121.53400888996525,101344
946,-121.30297616379985,101407
947,-121.80448900105439,101481
948,-123.55908489922729,101579
949,-125.35697189587125,101703
950,-128.20269373237682,101807
951,-129.65255608702356,101921
952,-130.00012693978996,102046
953,-129.60488425768708,102110
954,-129.08366734504168,102211
955,-128.26816854037654,102313
956,-128.1468372905829,102388
957,-127.48068119857172,102462
958,-127.60148040481923,102544
959,-127.79544364237418,102621
960,-128.77882340123725,102699
961,-130.99989900837122,102794
962,-130.2878034288208,102886
963,-129.3389676596288,102964
964,-129.15124959673227,103034
965,-131.02407588891302,103170
966,-130.25795930178666,103268
967,-129.02023370703432,103370
968,-130.28552605548148,103484
969,-129.79950026780816,103574
970,-131.99165321558496,103678
971,-132.34205999706043,103802
972,-133.6754623269767,103935
973,-133.6322575079169,104046
974,-133.69286238448097,104136
975,-133.76252042800124,104226
976,-133.51367638886393,104305
977,-133.42387789193918,104372
978,-133.4461430003044,104469
979,-133.0958580078569,104548
980,-134.1628062350063,104654
981,-133.48760036256004,104719
982,-134.00827534182955,104845
983,-133.16732702665348,104916
984,-134.09875209936558,105024
985,-134.04013050729193,105103
986,-134.57688718185224,105212
987,-135.0611354048356,105325
988,-132.76032038482379,105399
989,-133.12014693769055,105471
990,-133.3654322728899,105573
991,-130.6345381358894,105641
992,-131.25395646716876,105763
993,-130.73372042633147,105840
994,-133.69969257302438,105945
995,-133.56087409163086,106041
996,-136.0621874639436,106125
997,-135.60562142114475,106204
998,-137.1833056908966,106330
999,-137.2675840922672,106412
1000,-137.210073497222,106505
1001,-136.3077589362732,106595
1002,-135.85465002166103,106693
1003,-137.81129548880327,106820
1004,-137.6478684665976,106941
1005,-134.95290274226488,107018
1006,-134.7934861493309,107109
1007,-135.4210591685946,107185
1008,-137.5937477399339,107294
1009,-137.37646752682488,107409
1010,-138.34319448804047,107514
1011,-138.60793020995857,107614
1012,-141.82906976889922,107714
1013,-143.16471839045823,107838
1014,-142.51221100754387,107953
1015,-144.85426477819968,108102
1016,-144.41059449284577,108185
1017,-144.0525764900997,108257
1018,-145.14568740913717,108379
1019,-145.27544043793105,108459
1020,-145.33687027281294,108553
1021,-147.96255945203637,108696
1022,-149.39791172519267,108773
1023,-148.99742604692887,108876
1024,-149.18248837889675,108989
1025,-149.64433407621598,109084
1026,-149.85737010194507,109164
1027,-149.9171898458819,109256
1028,-149.70261056142166,109366
1029,-147.44520285478092,109444
1030,-148.73080692535223,109516
1031,-149.24827261895777,109603
1032,-149.2849215720022,109725
1033,-148.86063334812516,109817
1034,-149.06497203622638,109895
1035,-148.81248091127674,110001
1036,-149.2005868337695,110071
1037,-148.4377363489608,110172
1038,-148.41442258140813,110306
1039,-146.5206100913134,110416
1040,-146.20866839973326,110512
1041,-145.719584479702,110653
1042,-143.76781081996128,110738
1043,-141.7966907969225,110829
1044,-141.44316851117443,110949
1045,-143.88533440922222,111074
1046,-145.2537219993194,111184
1047,-144.50042971263437,111326
1048,-142.42917118603575,111443
1049,-140.7743391429319,111577
1050,-137.06043501326397,111654
1051,-135.99825788927038,111778
1052,-135.43951591858632,111888
1053,-135.76559509272295,111974
1054,-135.5936241455524,112048
1055,-136.56539958243695,112123
1056,-135.6561037099468,112246
1057,-136.41111202778865,112351
1058,-135.95396076731362,112491
1059,-135.53717668081336,112607
1060,-135.34810038235736,112726
1061,-135.54863415118817,112830
1062,-135.81344095629282,112945
1063,-136.01640777519873,113015
1064,-137.7207703116438,113109
1065,-136.7806703852745,113229
1066,-139.00603485657427,113315
1067,-139.73227305907773,113437
1068,-137.79879924569073,113528
1069,-139.21231161348217,113627
1070,-137.27531617812645,113706
1071,-136.2782064620151,113840
1072,-133.8494359252179,113943
1073,-133.35388460737167,114049
1074,-134.15365247886194,114128
1075,-134.05148350568592,114235
1076,-135.80466637750288,114361
1077,-135.38682322057264,114445
1078,-136.67859651532038,114534
1079,-137.89042708060947,114652
1080,-135.9756744508127,114741
1081,-135.5030087480706,114826
1082,-134.68433566696666,114917
1083,-136.43292123563654,115004
1084,-135.32451884980662,115114
1085,-135.3498544945786,115194
1086,-133.71220323083327,115278
1087,-132.7879059081444,115400
1088,-132.87444099553994,115469
1089,-134.4627619510219,115573
1090,-134.3161952652032,115676
1091,-134.03728323308195,115745
1092,-133.74162542377425,115883
1093,-133.95076083698714,116006
1094,-131.02003359887465,116110
1095,-131.32041167880266,116207
1096,-129.07204471148287,116292
1097,-130.42272348123316,116377
1098,-128.95426215720659,116489
1099,-130.9652286576597,116590
1100,-131.29208881824192,116674
1101,-132.17792469537227,116738
1102,-132.46105713547348,116872
1103,-130.4022925974948,116951
1104,-130.6646377783151,117064
1105,-132.80548646508203,117170
1106,-131.77341569771284,117318
1107,-131.05565025287848,117384
1108,-131.05180559158035,117506
1109,-131.46893256820712,117590
1110,-130.4311212768642,117675
1111,-130.06656608575923,117757
1112,-127.12643448436698,117858
1113,-125.5834309843271,117945
1114,-126.52609159519527,118061
1115,-123.486654107463,118192
1116,-124.00970238962927,118292
1117,-125.31121992428176,118405
1118,-123.84875240258478,118497
1119,-125.15850746898663,118574
1120,-124.7576715293313,118660
1121,-123.38630357018589,118773
1122,-122.49821460421677,118884
1123,-124.28034091179654,118985
1124,-124.17545957422396,119094
1125,-123.11422624390698,119200
1126,-123.88240031070403,119305
1127,-126.1802238844196,119398
1128,-127.87810259463623,119531
1129,-127.79888688421408,119629
1130,-125.96675562042361,119738
1131,-127.49797510542983,119896
1132,-127.6629435635465,119989
1133,-128.07767697835527,120099
1134,-128.20162339002803,120227
1135,-127.94665846015221,120315
1136,-127.40638179850488,120387
1137,-127.72268770626151,120518
1138,-128.70526985385726,120608
1139,-129.63467494878802,120751
1140,-131.2392683979129,120869
1141,-131.2823598734485,120989
1142,-132.39481029314456,121082
1143,-134.1880864777734,121177
1144,-134.56241700782985,121282
1145,-132.04190718445213,121355
1146,-130.8394785990686,121428
1147,-132.53621338040523,121597
1148,-132.6743475169613,121700
1149,-135.1892072714362,121809
1150,-136.06601717187368,121919
1151,-135.77852165920524,122025
1152,-137.56007328064908,122130
1153,-137.50320716152714,122245
1154,-139.3572801839736,122333
1155,-139.69314968959617,122424
1156,-142.0068128697082,122516
1157,-141.4806817296512,122617
1158,-142.01127999402684,122701
1159,-143.99948730074462,122846
1160,-145.65274460172768,122948
1161,-142.42328892275876,123119
1162,-144.4274566038245,123239
1163,-147.60460725501753,123395
1164,-145.59284004989658,123494
1165,-145.2631697171743,123590
1166,-142.90155207535017,123671
1167,-142.59955389601922,123826
1168,-144.66656619370534,123930
1169,-144.82052821908573,124039
1170,-144.50025911521467,124146
1171,-144.4271833580142,124280
1172,-145.3155990152678,124409
1173,-147.29841389041826,124548
1174,-146.59237637130934,124642
1175,-146.4196083814532,124712
1176,-144.48507265774322,124829
1177,-145.11633408952767,124983
1178,-143.7219731136183,125093
1179,-142.13478257186395,125221
1180,-144.8430880237438,125357
1181,-145.99054566453745,125489
1182,-145.44022100014763,125637
1183,-144.30828849169694,125745
1184,-144.07308990407705,125904
1185,-145.79618833554912,125999
1186,-146.63893070749603,126097
1187,-147.43952466122082,126261
1188,-149.25706810117828,126390
1189,-147.44558603343341,126505
1190,-147.33401922553733,126644
1191,-147.79574700575876,126763
1192,-149.17795598895447,126864
1193,-150.81049320736122,126974
1194,-152.00950058726943,127052
1195,-153.03873409593925,127161
1196,-153.59394179291658,127306
1197,-154.7621893169391,127426
1198,-156.8640753675131,127579
1199,-155.31153038283676,127682
1200,-154.69994635382463,127792
1201,-155.9228227084864,127904
1202,-156.02782838797924,127994
1203,-156.13137029221295,128075
1204,-156.97990082065616,128199
1205,-158.5574805874441,128337
1206,-162.08647203550146,128482
1207,-162.08902063554794,128586
1208,-159.86955354863943,128733
1209,-161.37823969964214,128886
1210,-162.13172376622342,128976
1211,-163.50726647884613,129094
1212,-165.10173240469067,129223
1213,-167.39618523141377,129393
1214,-168.3104752446764,129526
1215,-168.8433253197044,129610
1216,-168.53983868986464,129697
1217,-166.52465449873304,129823
1218,-166.6120572659127,129947
1219,-164.3278907553444,130030
1220,-165.03052980693843,130142
1221,-163.6804704990297,130313
1222,-165.6064487896638,130399
1223,-165.81522904139928,130499
1224,-166.46789644206987,130770
1225,-164.79414290250836,130865
1226,-163.9816149232888,130943
1227,-162.2956814780592,131166
1228,-163.8387251441695,131291
1229,-168.2197960675217,131450
1230,-169.83999675681366,131545
1231,-170.04355675332735,131646
1232,-173.1968007880905,131816
1233,-176.06648751017627,131995
1234,-179.28973335880397,132167
1235,-181.72983323715727,132282
1236,-184.1403672009124,132451
1237,-184.54896914807267,132544
1238,-189.0365258948841,132710
1239,-190.09608090136723,132864
1240,-188.75446053190575,133078
1241,-188.2377296081748,133217
1242,-190.84413672744608,133382
1243,-189.38665854048782,133491
1244,-189.2132151114107,133619
1245,-189.2400885071395,133763
1246,-188.66328523712514,133943
1247,-187.3312113936966,134055
1248,-189.06451578305348,134219
1249,-188.7196320204338,134378
1250,-187.6530334816951,134475
1251,-187.8013461050882,134606
1252,-186.37923569331866,134702
1253,-185.00058464996837,135702
1254,-186.94043412656643,135836
1255,-187.4144837837291,135949
1256,-185.1621948516914,136093
1257,-183.49023849074158,136198
1258,-184.38378407613965,136291
1259,-184.13648255920168,136393
1260,-184.53966866493306,136548
1261,-186.46432833613332,136733
1262,-190.2077854488645,136871
1263,-188.7391628802456,136981
1264,-191.94934693067742,137102
1265,-190.65749306167575,137224
1266,-191.06148506645457,137311
1267,-192.70761002627827,137459
1268,-189.90142225850704,137587
1269,-190.74864326653108,137684
1270,-190.8505581124624,137906
1271,-191.4686360679629,138100
1272,-192.8739632402856,138228
1273,-195.5338132665606,138366
1274,-194.24330952341722,138507
1275,-194.28444763556476,138650
1276,-198.52718156735398,138832
1277,-201.8336536649236,138960
1278,-201.173088718897,139099
1279,-203.19420943083713,139246
1280,-200.59392663678042,139389
1281,-199.57945133437659,139549
1282,-203.42878652006647,139731
1283,-205.33105385746188,139854
1284,-206.4880463974088,140069
1285,-206.48115076959775,140225
1286,-209.2410965219415,140398
1287,-208.96923478091293,140496
1288,-207.0522369633527,140624
1289,-208.5797920750288,140813
1290,-209.9419892318234,140942
1291,-211.06173428125058,141100
1292,-209.12611243264473,141257
1293,-207.88553060362156,141415
1294,-209.32114580679948,141557
1295,-207.12563113852454,141664
1296,-209.52268782307186,141827
1297,-208.08379285620143,142010
1298,-206.19034009053104,142168
1299,-208.225638018676,142290
1300,-209.44663701321792,142423
1301,-208.28841428398678,142649
1302,-208.09712624366114,142775
1303,-209.35518514271064,143218
1304,-208.01250432913432,143393
1305,-206.9959607758931,143481
1306,-205.65356125995848,143586
1307,-207.5236742822455,143713
1308,-209.91537333043135,143834
1309,-207.04148580595134,143966
1310,-209.40284877408797,144097
1311,-207.21161735049245,144256
1312,-207.9614150911007,144403
1313,-207.60268642426195,144568
1314,-208.2091454713735,144705
1315,-210.26553780536952,144816
1316,-211.65910833564809,144952
1317,-213.519795982402,145086
1318,-214.73700635556608,145198
1319,-217.13563396123718,145458
1320,-218.8504198485345,145619
1321,-218.78287029445931,145781
1322,-216.84866662138757,145898
1323,-215.93750923046863,146010
1324,-214.52657546341163,146162
1325,-215.06923319582842,146297
1326,-217.35788416166577,146416
1327,-217.04671994368843,146544
1328,-214.69292935815628,146698
1329,-209.42832265646328,147698
1330,-210.14552144379095,147841
1331,-208.35238743035615,147986
1332,-205.81897516538893,148082
1333,-202.24412116990385,148240
1334,-200.42176924438655,148343
1335,-201.8193898920048,148528
1336,-199.85350563553126,148663
1337,-202.22566499846005,148764
1338,-198.13910878225542,148908
1339,-195.25316341104173,149021
1340,-195.89267919888684,149227
1341,-195.52925190718076,149428
1342,-192.763339602984,149545
1343,-195.871634102527,149700
1344,-197.52868320596636,149793
1345,-200.06938013563445,149889
1346,-199.76520828729213,150000
1347,-199.5727907679535,150098
1348,-197.14224227973034,150247
1349,-196.85242702920488,150430
1350,-197.27322801725518,150614
1351,-196.42010009947046,150766
1352,-198.12321240560763,150865
1353,-199.07331946416633,150988
1354,-195.92084703852993,151109
1355,-194.57090692927747,151230
1356,-200.79472723649766,151392
1357,-201.03606909931864,151512
1358,-200.3747290410398,151607
1359,-199.08462585355713,151756
1360,-198.1483393161478,151869
1361,-199.53159535009917,152001
1362,-193.5324616154684,152089
1363,-191.45922764529337,152207
1364,-188.592593295346,152309
1365,-188.22955054142184,152464
1366,-187.73015134552585,152597
1367,-186.12884999921513,152691
1368,-187.34784285885843,152809
1369,-184.69271132825037,152950
1370,-184.00170219008356,153130
1371,-183.2080753987609,153272
1372,-183.8393892945746,153426
1373,-180.5885903916379,153571
1374,-183.4597201002964,153692
1375,-182.5529617989485,153793
1376,-179.31012713921805,153925
1377,-176.35317062164125,154044
1378,-177.5250382595279,154225
1379,-177.63900305882333,154334
1380,-179.507612575388,154480
1381,-179.47365115874172,154593
1382,-177.03501355584663,154736
1383,-173.40738574065992,154868
1384,-174.3634740718319,154973
1385,-172.47775747160097,155074
1386,-172.18511710747222,155234
1387,-171.34768037126122,155362
1388,-174.35123507987558,155484
1389,-173.75241406658444,155612
1390,-174.9728379474786,155816
1391,-173.12895323885797,155992
1392,-172.35280512703707,156120
1393,-172.06563775295234,156203
1394,-170.95477106893833,156306
1395,-174.34805426016896,156477
1396,-172.53216433521627,156586
1397,-172.752830570759,156697
1398,-172.11645260807032,156827
1399,-169.33169653024618,156961
1400,-168.711810568951,157075
1401,-170.69449277590047,157161
1402,-170.48412647091473,157326
1403,-169.2291485023253,157449
1404,-169.96413954234504,157573
1405,-167.55023819846758,157691
1406,-165.68675635921787,157835
1407,-163.68991887634738,158023
1408,-166.22368844822972,158191
1409,-165.85125275868813,158321
1410,-163.6444503361255,158441
1411,-164.80332919347507,158542
1412,-162.04669217534357,158705
1413,-159.77719957230374,158847
1414,-161.37076420602952,158993
1415,-159.11081661552484,159144
1416,-161.51396468063405,159302
1417,-160.3645275852765,159387
1418,-158.39906456205665,159511
1419,-157.16594802603825,159651
1420,-154.5998283841754,159742
1421,-154.26628540925955,159857
1422,-155.96448399564625,160033
1423,-157.18591843384,160144
1424,-157.5029228028644,160249
1425,-158.63957134131581,160348
1426,-156.34296577323195,160446
1427,-156.16787653204645,160545
1428,-154.64519218549327,160650
1429,-156.4337514971946,160754
1430,-156.88787088329326,160882
1431,-156.23792287971503,161000
1432,-157.54008918407692,161122
1433,-158.05916047737838,161225
1434,-157.67867080636157,161385
1435,-154.14931984043952,161475
1436,-156.46651032894388,161627
1437,-153.5333038893932,161757
1438,-151.86405004679327,161872
1439,-153.3154944866654,162032
1440,-151.74090158107768,162152
1441,-151.45615148214202,162291
1442,-150.51796883648024,162389
1443,-148.63075946246443,162536
1444,-146.2278842948267,162625
1445,-143.54376942750326,162732
1446,-144.50314455657204,162834
1447,-144.39973042389983,162933
1448,-144.6907182445261,163037
1449,-142.84294685687223,163124
1450,-142.67599761591103,163298
1451,-142.80786538766915,163401
1452,-144.51046223832597,163575
1453,-144.2930374397375,163660
1454,-144.24599127594044,163767
1455,-145.91046055335772,163883
1456,-139.8166884727786,164002
1457,-140.22508909540772,164136
1458,-140.17072021340167,164246
1459,-139.49704728749114,164343
1460,-138.70796565678796,164509
1461,-135.54790251304476,164592
1462,-135.18442211392536,164683
1463,-135.939598759818,164837
1464,-134.89541556207686,164959
1465,-135.1057173941713,165061
1466,-137.20144223788336,165170
1467,-136.85026511808567,165285
1468,-137.5219522931593,165386
1469,-137.86601832572313,165504
1470,-138.15582759809035,165603
1471,-138.6031642225833,165696
1472,-137.80158730123367,165810
1473,-136.93151720534263,165956
1474,-134.42924754673618,166039
1475,-134.92936545575648,166125
1476,-133.80304161347166,166226
1477,-132.47297846915282,166325
1478,-131.5019584951149,166477
1479,-129.76950964992756,166575
1480,-128.36247926232295,166693
1481,-130.57383883435818,166805
1482,-129.2064519745537,166875
1483,-132.21762096811267,167014
1484,-130.39448458058004,167117
1485,-129.94439076452537,167247
1486,-127.45504037601542,167346
1487,-126.72439944396314,167444
1488,-123.43357999910145,167557
1489,-121.80578793273953,167682
1490,-118.37591388903147,167765
1491,-118.32858182953511,167848
1492,-118.6240501386792,167966
1493,-117.80630809439442,168086
1494,-117.07839974895906,168200
1495,-113.58288675363245,168283
1496,-112.48425984298493,168367
1497,-111.23355845869737,168476
1498,-111.60822352539967,168582
1499,-111.62666345140276,168700
1500,-111.07375955367343,168782
1501,-108.43257775178739,168889
1502,-108.49455962881694,168998
1503,-108.25475110745592,169081
1504,-107.53935492517327,169155
1505,-107.31803991461696,169228
1506,-109.28575269967665,169335
1507,-108.8601400033518,169435
1508,-103.93300611057029,169542
1509,-105.09263426905713,169640
1510,-103.51802288861909,169726
1511,-102.70483803016414,169812
1512,-103.35670850143266,169893
1513,-103.2012512202856,169962
1514,-99.25128221552086,170089
1515,-99.24741792822071,170181
1516,-96.97931549315972,170307
1517,-99.69796680509866,170421
1518,-100.0686198901979,170535
1519,-99.37699677064033,170635
1520,-98.6542858998364,170772
1521,-98.75030841081207,170893
1522,-97.10675883063752,171001
1523,-94.80596608018276,171135
1524,-94.73950490962012,171264
1525,-93.11268211827017,171395
1526,-92.45706219636081,171489
1527,-92.15341918497316,171553
1528,-92.34911953887304,171656
1529,-91.57366341534772,171767
1530,-89.69761002077834,171879
1531,-89.52111770467464,171963
1532,-86.91582807281765,172081
1533,-86.40743324516863,172178
1534,-85.12377453832956,172274
1535,-84.9659579134979,172360
1536,-82.08339690753735,172443
1537,-82.4817441616792,172536
1538,-82.73922980143507,172616
1539,-81.85804679816458,172709
1540,-82.15744102288761,172837
1541,-83.02116558159588,172914
1542,-82.78536132888894,173018
1543,-80.60742474466251,173133
1544,-81.02264499241387,173284
1545,-80.90016233566743,173380
1546,-80.6975037404822,173459
1547,-80.53141198295428,173533
1548,-80.46889018512167,173606
1549,-80.23451964092727,173702
1550,-79.99674067548447,173823
1551,-79.78127807300379,173926
1552,-76.24216459832371,174033
1553,-76.43884281156106,174150
1554,-75.3781255549927,174283
1555,-73.7266895663606,174398
1556,-73.23267780976879,174514
1557,-73.27793202546125,174612
1558,-72.64264794653616,174707
1559,-72.16442653513394,174820
1560,-71.84701031059961,174960
1561,-72.06649542453833,175062
1562,-73.63306343519443,175199
1563,-73.87432286507061,175335
1564,-75.51695129090868,175444
1565,-75.77969779383739,175552
1566,-72.8564425215448,175685
1567,-72.71697719568778,175815
1568,-71.64693415474143,175927
1569,-71.45048592241108,176038
1570,-74.03439460396628,176160
1571,-73.0248164911284,176270
1572,-71.89270204604532,176341
1573,-71.25903016697701,176443
1574,-72.65853754909908,176523
1575,-72.19862910104452,176643
1576,-72.31639547309948,176731
1577,-72.7964714158664,176824
1578,-73.21132297576773,176919
1579,-72.85847473057068,177059
1580,-74.79018944383262,177165
1581,-72.75823721060412,177254
1582,-72.73846099969765,177359
1583,-70.70289387278434,177450
1584,-70.36928543617532,177539
1585,-70.74242734541822,177626
1586,-73.14939742119493,177740
1587,-75.67290086954218,177862
1588,-76.00722107598112,177989
1589,-76.65160220919036,178100
1590,-76.4235920895861,178184
1591,-77.4627664698518,178270
1592,-77.65751455326314,178388
1593,-77.467848367567,178476
1594,-76.88655947495056,178579
1595,-76.97654723896866,178722
1596,-77.98679627536926,178909
1597,-78.42749648440835,179022
1598,-77.66995501777075,179146
1599,-77.3251780583546,179275
1600,-77.30124731996894,179358
1601,-76.5683270593785,179492
1602,-76.6295371969929,179607
1603,-76.3202679517465,179700
1604,-76.0361794983996,179811
1605,-76.82747503261642,179951
1606,-74.4972007094478,180117
1607,-74.74194320367695,180250
1608,-74.54306194056774,180358
1609,-75.12288260718711,180458
1610,-77.86961882663212,180618
1611,-78.36268311494987,180745
1612,-77.20231476913384,180871
1613,-77.62821843554309,180967
1614,-77.85595813807234,181104
1615,-77.31716384459185,181226
1616,-75.45201672134812,181314
1617,-72.81412581340444,181432
1618,-72.68776185959756,181561
1619,-72.36587644327209,181668
1620,-72.90024434075671,181788
1621,-72.92850813524768,181862
1622,-71.94418996996414,181973
1623,-73.91643154022105,182101
1624,-76.06166291215139,182215
1625,-76.045180940098,182363
1626,-77.22522622984903,182487
1627,-76.9133195160845,182608
1628,-76.52502748474939,182734
1629,-76.5085654855218,182871
1630,-76.07253892029769,183027
1631,-79.39759585859561,183135
1632,-80.88742007304593,183232
1633,-80.72728203246497,183324
1634,-83.38640085921985,183478
1635,-86.5022938850532,183609
1636,-86.24267923980766,183697
1637,-86.20300323048733,183788
1638,-86.30840725288267,183945
1639,-86.22922783749597,184053
1640,-87.16992516996969,184152
1641,-87.5362702772056,184264
1642,-88.34783971598314,184418
1643,-88.43017945008211,184557
1644,-88.6029651128424,184678
1645,-89.75666417146866,184794
1646,-89.39761034596923,184922
1647,-89.60547042903865,185019
1648,-90.66957633549062,185098
1649,-90.13620461357364,185202
1650,-90.66697971185678,185285
1651,-91.2329010462623,185425
1652,-91.43385693025026,185528
1653,-92.97591548821923,185626
1654,-93.90274990178209,185753
1655,-94.01679217212671,185853
1656,-95.67759019880319,185946
1657,-95.55514633252447,186118
1658,-96.37070175535537,186222
1659,-97.60530385803688,186347
1660,-97.03717788393578,186497
1661,-97.49015226742982,186598
1662,-96.94278602095463,186727
1663,-96.38098268950567,186899
1664,-95.44329937721609,187051
1665,-96.35281573611528,187182
1666,-97.58644512517918,187313
1667,-98.26688519537274,187405
1668,-98.39379237636116,187513
1669,-99.15172075137016,187638
1670,-97.07551809906494,187783
1671,-98.03332009241458,187930
1672,-97.64962203577574,188116
1673,-97.83757393364232,188336
1674,-97.6495100159029,188454
1675,-97.87759485959661,188561
1676,-99.68642056176647,188693
1677,-100.43704314898638,188807
1678,-99.99111209194066,188927
1679,-100.1189034702209,189061
1680,-98.5265398507452,189215
1681,-99.72168648254312,189416
1682,-101.37642417570319,189608
1683,-102.15053477190328,189754
1684,-101.64759598526184,189899
1685,-101.59577276521917,190076
1686,-99.06939232154564,190220
1687,-98.26924820806295,190390
1688,-98.18614438826287,190490
1689,-97.85052014182025,190646
1690,-99.41572570338212,190809
1691,-98.82666368971466,190907
1692,-99.18690660872103,191084
1693,-100.38674131573123,191193
1694,-99.93529472000249,191309
1695,-100.33337129714491,191460
1696,-98.93783848582832,191637
1697,-98.74151657283095,191762
1698,-100.08598802834764,191873
1699,-100.77192535141683,192099
1700,-102.0045100340224,192246
1701,-105.70694929080523,192408
1702,-104.98529602198289,192533
1703,-104.9386699943797,192657
1704,-107.01127196083218,192822
1705,-109.01233748704193,192942
1706,-109.87832889129149,193066
1707,-109.51685918878398,193221
1708,-109.25926202058282,193360
1709,-108.39095331650898,193538
1710,-106.12337476097653,193717
1711,-105.19752573105147,193896
1712,-107.12526794315326,194049
1713,-108.47215727213208,194204
1714,-112.25596415446915,194345
1715,-113.77413866382271,194514
1716,-113.15366842117835,194696
1717,-114.48700189135387,194856
1718,-114.57425289137365,195056
1719,-116.07563598278253,195267
1720,-118.4901568302552,195424
1721,-120.75654183905445,195529
1722,-122.618632922731,195648
1723,-120.88568324467685,195753
1724,-118.15361933692273,195892
1725,-120.35670540792736,196000
1726,-118.09344773771465,197000
1727,-117.62518473108796,197187
1728,-117.63979716188864,197312
1729,-117.48115598841142,197535
1730,-116.8098667041129,197684
1731,-116.82599700465411,197836
1732,-114.92543291606643,197942
1733,-116.13677619607147,198156
1734,-113.70466851886253,198307
1735,-113.64406092490599,198416
1736,-114.9115056212703,198605
1737,-112.86508890343868,199605
1738,-113.40806054521967,199822
1739,-112.75327059820081,200047
1740,-112.71871413576596,200242
1741,-111.31838102896931,200398
1742,-110.26532178497224,200541
1743,-109.66077317633206,200651
1744,-108.0876156592066,201651
1745,-107.42063681745674,201888
1746,-108.45513589366038,202124
1747,-109.30756774611837,202351
1748,-109.51906303112084,202475
1749,-108.87436609753541,202605
1750,-108.29015937822975,202929
1751,-107.77482604050448,203140
1752,-106.99670711844783,203264
1753,-105.56584212668285,204264
1754,-104.73664778047099,204501
1755,-107.73508140589553,204732
1756,-107.32047045768297,204972
1757,-107.91110264672768,205107
1758,-104.92791237166487,206107
1759,-104.17953820036855,206291
1760,-107.58656092141422,206490
1761,-108.31074434829092,206701
1762,-106.91185481592095,207701
1763,-107.21987653514392,207874
1764,-107.24069210457321,208242
1765,-106.0768159802432,208462
1766,-106.24990776199438,208721
1767,-106.53053366720502,208845
1768,-105.9788161012891,209155
1769,-105.31683529499318,209314
1770,-106.91579307192718,209596
1771,-107.29321001589724,209796
1772,-107.34147249927699,209961
1773,-107.1336006295436,210127
1774,-105.9708282273459,211127
1775,-105.2830109354926,212127
1776,-102.79222648250925,212259
1777,-101.71064752477234,212489
1778,-104.48726002526115,212614
1779,-103.89317398787422,212820
1780,-103.61909115671806,213063
1781,-104.10993138551012,213249
1782,-102.38303829133233,213457
1783,-102.39994684851328,213635
1784,-103.00620058426051,213850
1785,-102.54119505767824,214110
1786,-103.39596439889519,214311
1787,-102.87033328707001,214591
1788,-104.0671118007939,215017
1789,-104.06443051561176,215165
1790,-102.52145757373512,215300
1791,-103.22061718445771,215524
1792,-102.9598467716188,215828
1793,-101.3150210055306,216828
1794,-100.78676876474628,217828
1795,-100.15032704434108,218828
1796,-100.25750264959937,218960
1797,-100.64014948929953,219197
1798,-99.11703536961839,219387
1799,-100.53616006963166,219647
1800,-99.02233638085974,219792
1801,-96.66557110650683,219927
1802,-97.55764577519962,220115
1803,-97.5819195726178,221115
1804,-95.0830024417898,221210
1805,-92.59568231025827,221463
1806,-93.11654374147065,221620
1807,-94.64601173190175,221868
1808,-94.90482366972265,222045
1809,-94.74978687428555,223045
1810,-95.5745043954804,223289
1811,-96.81383757375646,223526
1812,-95.54821363544538,223682
1813,-93.14185109907339,224682
1814,-88.96105554011724,224877
1815,-88.390813406273,225094
1816,-90.526207452647,225420
1817,-89.09298758946389,226420
1818,-90.1273251117479,226772
1819,-89.45603087843838,227133
1820,-89.41014386120126,227378
1821,-86.37807101392983,227592
1822,-84.55661631427691,228592
1823,-83.27310631041608,229592
1824,-83.1157168295882,230592
1825,-81.36844109476718,230788
1826,-82.74518043782952,230966
1827,-82.44001918876769,231966
1828,-81.8844005026771,232087
1829,-81.01311977189545,232295
1830,-81.70145924597325,232482
1831,-77.8862768274389,232652
1832,-77.17370691617651,233652
1833,-75.78320081363384,234652
1834,-74.52884981165535,235652
1835,-71.82032505851078,235837
1836,-69.91584156624131,236837
1837,-71.16999277478278,236987
1838,-70.23866822519086,237147
1839,-70.23455328536613,237312
1840,-69.06870647694156,237457
1841,-69.48633005891173,238457
1842,-69.2770782110626,238650
1843,-70.65640718810363,239027
1844,-71.1235729625726,239268
1845,-71.15839638895561,239455
1846,-69.81102430346321,239700
1847,-68.30399365123031,240700
1848,-66.31455770586312,241700
1849,-69.10424728291552,242023
1850,-68.45169842878566,242193
1851,-68.19822828617316,242414
1852,-69.29522688954508,242806
1853,-69.1792467478043,243806
1854,-68.6444280238187,244806
1855,-64.81257131821948,245806
1856,-64.1836132654464,245916
1857,-63.69808736036595,246916
1858,-66.7660113211358,247056
1859,-65.86062411175989,248056
1860,-62.098815271824314,249056
1861,-60.86834318730088,249204
1862,-60.79541982355885,250204
1863,-59.79992387855336,250492
1864,-59.31653839321058,251492
1865,-59.392872440575275,251614
1866,-58.00601153487897,251925
1867,-57.36349050403084,252174
1868,-58.39911345541953,252351
1869,-57.12690115580637,253351
1870,-54.47526986899367,253547
1871,-53.37687100866661,254547
1872,-52.93553810205358,254693
1873,-52.14793509623714,254861
1874,-52.12249501955622,255861
1875,-54.212961802850224,256055
1876,-54.10759890064494,257055
1877,-54.2129617358956,257213
1878,-50.85426660620781,257382
1879,-53.19643069767605,257689
1880,-52.090560302813046,258689
1881,-51.92702821077855,258991
1882,-51.04479687970346,259991
1883,-49.89782216651812,260192
1884,-49.70719053468234,260332
1885,-49.021832977347884,261332
1886,-49.23672979717205,261582
1887,-48.17652246584132,261738
1888,-46.306532377039396,262738
1889,-47.81108440520475,262907
1890,-47.81587880351717,263035
1891,-47.29047114922987,263144
1892,-46.577236542998804,263278
1893,-46.67580764887559,263471
1894,-46.93526837043215,264471
1895,-47.02938500214463,264630
1896,-46.12210497053504,265630
1897,-44.282603823203154,265833
1898,-44.503758006369296,265975
1899,-41.63177058976823,266975
1900,-40.91068882034604,267068
1901,-39.697550346599115,267271
1902,-39.21446244348633,267411
1903,-39.339440881782345,267616
1904,-42.42275125607288,267885
1905,-42.89496573517649,268050
1906,-41.0162783909971,268184
1907,-38.8667928577921,268374
1908,-38.62653639163344,268551
1909,-38.24776019366405,269551
1910,-37.30624827891598,269696
1911,-36.695185974821975,270696
1912,-36.25638733658036,270851
1913,-37.540777705270386,271032
1914,-37.07465983638633,272032
1915,-36.93491571630811,272178
1916,-35.241369489268685,272364
1917,-34.3258386698656,272544
1918,-32.72127707093306,272668
1919,-31.243212030957384,272806
1920,-28.027825241243868,272932
1921,-27.35852843757825,273932
1922,-27.319694340195174,274041
1923,-29.68608842995725,274206
1924,-30.00769700393669,274332
1925,-29.212619116215695,274494
1926,-30.250452402521287,274768
1927,-30.264078165422735,274906
1928,-31.109150260352934,275068
1929,-31.53884341836739,275211
1930,-32.53221963756336,275409
1931,-32.95458514865059,275525
1932,-33.20277154089732,275696
1933,-32.64324868742723,275863
1934,-33.08767179976492,275985
1935,-31.97344268554965,276138
1936,-32.255623963323465,277138
1937,-31.923086934828774,277285
1938,-31.870346996314115,277422
1939,-31.483474665091794,278422
1940,-31.174270504695652,278565
1941,-29.811524496489927,279565
1942,-30.185615409225324,279701
1943,-28.833064541042074,280701
1944,-28.888638342934716,280887
1945,-27.5129149421921,280992
1946,-26.800132804499412,281992
1947,-28.509059203789565,282175
1948,-28.39435980541717,282356
1949,-25.343185014139245,283356
1950,-25.661364269564782,283512
1951,-25.184703100306447,283692
1952,-23.757532508623754,283881
1953,-23.2057642927146,284011
1954,-23.09830393248636,285011
1955,-23.080364790072416,285109
1956,-21.92878855828297,286109
1957,-20.95941038026514,286248
1958,-19.057289750918574,287248
1959,-19.480282563482966,287426
1960,-19.597685501247348,287580
1961,-19.010560776715234,287744
1962,-18.99161500399086,287891
1963,-18.973766408958273,287998
1964,-18.324645782304646,288146
1965,-17.40143205416767,288281
1966,-17.87003056715849,288401
1967,-17.611020051761358,288564
1968,-16.466921460493406,288689
1969,-16.497731838668543,288809
1970,-16.710716256486748,288932
1971,-16.46422458833748,289051
1972,-15.964102212481386,289166
1973,-16.140450658180658,289355
1974,-15.501195592511232,290355
1975,-13.721592774075207,290479
1976,-13.627488318876441,290621
1977,-13.352050189199476,290771
1978,-12.603590879112064,291771
1979,-9.982395520866895,291936
1980,-10.22789029436141,292057
1981,-8.32855626085161,292201
1982,-8.752504672227703,292363
1983,-8.525043505068446,292501
1984,-8.28265615058509,292663
1985,-10.56656199757632,292779
1986,-8.547923697413665,292937
1987,-8.899687648016567,293075
1988,-8.656289922609478,294075
1989,-6.389968562631451,294273
1990,-5.951065998200451,294452
1991,-6.224588729244434,294711
1992,-5.6463463048348705,294862
1993,-5.539263647884534,295030
1994,-4.8841322643586285,295221
1995,-4.357007626269106,296221
1996,-4.580347233191222,297221
1997,-4.685872888965016,297400
1998,-4.1025712746502245,298400
1999,-4.081257750877531,298580
2000,-3.868617358026904,299580
2001,-5.405844487589024,300580
2002,-4.731153071858035,300757
2003,-3.9894523882459625,301757
2004,-1.0389069999149367,302757
2005,-0.1177000781806867,302925
2006,0.030566920499757514,303925
2007,-1.8429307878779386,304412
2008,-1.9183569502180138,304537
2009,-1.4763969679378113,305537
2010,-0.8143285626592497,306537
2011,-4.85793752890392,307116
2012,-4.435323146301573,307319
2013,-3.812708846313858,308319
2014,-3.708327131259708,308531
2015,-2.522619743867628,308702
2016,-2.555667423802073,309702
2017,-4.431288717309095,309910
2018,-3.7471501494748685,310910
2019,-6.50151542194362,311133
2020,-6.219530009836936,312133
2021,-7.2196656318839025,312288
2022,-7.406939473015529,313288
2023,-5.4700339607303725,314288
2024,-5.905795935942522,314499
2025,-6.8801446239210895,314929
2026,-6.767521034648946,315278
2027,-6.876721107289379,316278
2028,-7.031037832136796,317278
2029,-6.133229560103221,317449
2030,-4.917357790799105,317645
2031,-4.041090415777397,318645
2032,-3.8427242493068094,319645
2033,-4.162226307878087,320645
2034,-4.652843152671307,320992
2035,-5.463718030319826,321208
2036,-7.150016463239845,321851
2037,-9.584586397957702,322251
2038,-10.17353631694338,323251
2039,-10.402820736624033,324251
2040,-10.555893291639595,324408
2041,-11.987461132515225,325408
2042,-11.745014283438538,326408
2043,-11.978874577019324,326628
2044,-13.530298128960338,326956
2045,-13.89296256480395,327956
2046,-15.890562057696876,328234
2047,-15.934424296681408,328557
2048,-15.731442864315957,328727
2049,-16.15289699465425,329727
2050,-17.761301928142988,329983
2051,-18.316048772737968,330983
2052,-19.549890962186648,331983
2053,-20.059763793034495,332983
2054,-22.72878765361322,333476
2055,-24.850169245440426,334401
2056,-25.50430982047344,335401
2057,-26.214633629314676,335618
2058,-27.907657422459774,335845
2059,-27.863292778066644,336845
2060,-28.340170172665722,337845
2061,-28.251729823944178,338061
2062,-30.62557930317839,338407
2063,-33.880226317100785,338904
2064,-34.434157251614806,339904
2065,-35.65036540062286,340904
2066,-37.44018994318109,341205
2067,-39.87901553816412,342010
2068,-41.407521376563146,342488
2069,-41.612221761803696,343488
2070,-41.53343742636911,344488
2071,-41.575248448653255,345488
2072,-42.50326098100555,345720
2073,-42.82798089695396,346720
2074,-43.234009529208194,347720
2075,-43.11459984036177,348720
2076,-44.42898199644897,349076
2077,-47.00305688398861,349369
2078,-47.17277168003231,350369
2079,-49.061758551854865,350671
2080,-49.154147946595565,351671
2081,-48.63619616258204,352671
2082,-49.126143499968045,352833
2083,-49.99544698312395,353093
2084,-50.49965097275025,353542
2085,-48.63067259166581,353816
2086,-48.91978445520222,354816
2087,-49.16366419181603,355816
2088,-50.78692377808259,356117
2089,-51.305226199439055,356284
2090,-51.27555440315154,357284
2091,-50.44796413157755,358284
2092,-51.48615357759397,359284
2093,-51.717018911836966,360284
2094,-52.09018504520932,361284
2095,-52.17638754028721,362284
2096,-52.49350398783163,363284
2097,-54.4480065113951,364284
2098,-59.79368515692548,364900
2099,-60.79629057782667,365046
2100,-60.78013287796596,366046
2101,-58.7407918641004,366221
2102,-59.27318973316545,367221
2103,-60.259586626826305,368221
2104,-59.68532310076816,368422
2105,-60.09812665073786,368646
2106,-60.40902184877079,369646
2107,-59.31830778374843,370646
2108,-59.17168408386397,371646
2109,-59.81212003866728,372646
2110,-59.552751131717685,373646
2111,-55.246590103285726,374646
2112,-57.78430843935599,375620
2113,-57.16483500663226,376620
2114,-57.1584788279302,377620
2115,-57.2183730298839,377753
2116,-56.790938556803006,377930
2117,-55.07492014942542,378930
2118,-55.40172865842076,379930
2119,-53.14284474580925,380930
2120,-53.658693182630415,381930
2121,-53.50913112889446,382930
2122,-54.768164571475864,383671
2123,-54.40382020247882,384671
2124,-53.57743535544241,385671
2125,-53.03109998084048,385819
2126,-52.89286567729473,386190
2127,-52.62468331951577,386381
2128,-51.4388902601056,387381
2129,-51.43805180412158,387545
2130,-50.627737065251495,387725
2131,-50.93174790708307,388725
2132,-52.03085394891471,388903
2133,-55.19049719636916,389880
2134,-54.45194869038228,390880
2135,-53.827745860969436,391880
2136,-52.54380496872649,392025
2137,-50.2642629977944,392305
2138,-49.5130668749779,393305
2139,-49.44655076810607,394305
2140,-49.71276517881652,394555
2141,-49.225026886631916,395555
2142,-48.66052588242594,395697
2143,-48.40221396798642,396697
2144,-46.52923447058013,396904
2145,-46.28376358879102,397101
2146,-44.78479442787524,397271
2147,-42.317148555036695,398271
2148,-42.78061404925964,398471
2149,-42.874705746859284,399471
2150,-41.93794667782403,400471
2151,-41.060677521411954,401471
2152,-40.18496171612347,401702
2153,-39.73447834067598,401896
2154,-39.144575933179965,402209
2155,-37.33466822134244,403209
2156,-38.85698709117735,403395
2157,-38.37992980037843,404395
2158,-36.66527916595329,405395
2159,-36.1008039602148,406395
2160,-35.565637270223135,406578
2161,-35.63462703231547,407578
2162,-32.902615603325096,408578
2163,-29.092893109003434,409578
2164,-28.566879732590706,410578
2165,-29.00139564690354,410886
2166,-27.465527981431208,411104
2167,-24.219273535000426,412104
2168,-22.112984576443154,413104
2169,-21.98326708386297,414104
2170,-21.65363625621946,415104
2171,-22.185807798271863,415338
2172,-21.09606704720138,416338
2173,-21.03360133261245,417338
2174,-22.228600066898498,417771
2175,-21.67513534405972,418771
2176,-20.629260472447058,419771
2177,-17.485024671254056,420771
2178,-19.738336030908652,421007
2179,-17.951271509267464,421192
2180,-18.304750107314423,421420
2181,-18.253257724644033,422420
2182,-20.659106489332334,423062
2183,-19.73212736773009,423278
2184,-19.816239412284027,424278
2185,-20.415310236246142,424499
2186,-21.15402941221016,424731
2187,-20.458748087812225,424964
2188,-18.725508124895036,425964
2189,-19.70409485150469,426392
2190,-19.563673024516003,426600
2191,-20.56407352346451,427269
2192,-19.340196086190996,428269
2193,-18.7131369262155,429269
2194,-18.702921056493636,430269
2195,-17.9457678371196,431269
2196,-17.601566007120326,431440
2197,-16.56380017590679,431827
2198,-11.298861978775465,432023
2199,-9.750087161899808,433023
2200,-11.215965592078378,433362
2201,-10.874158992497934,434362
2202,-11.391257439103374,434545
2203,-11.054560463929977,434738
2204,-11.22153617152489,434945
2205,-10.05286892741625,435945
2206,-11.857539052087281,436196
2207,-11.567479750464503,436402
2208,-11.021211779252697,436615
2209,-11.270447716615168,436775
2210,-11.17641216311216,437775
2211,-10.164015997991008,438775
2212,-8.007858668737464,438919
2213,-7.347640210494993,439919
2214,-7.399086705912476,440121
2215,-7.86888067034859,440292
2216,-7.486829217137138,441292
2217,-7.08566537931551,442292
2218,-9.485397865216212,442420
2219,-8.816892232540715,442601
2220,-8.625481375823265,442778
2221,-8.458410722863436,443006
2222,-6.946536878784642,443216
2223,-7.287603142131571,443404
2224,-7.461016442169603,444404
2225,-6.157631946771684,445404
2226,-4.539129618413539,446404
2227,-5.210759750181477,446603
2228,-5.37898685451159,446766
2229,-5.380410074395903,447766
2230,-5.033027381720782,448766
2231,-6.382095493030769,449160
2232,-5.4585699595642225,449314
2233,-3.1961816980645805,450314
2234,-2.8408465019695983,450505
2235,-2.980992765605574,450647
2236,-2.488045397430026,450801
2237,-2.423235590822691,450961
2238,-2.4822241914387773,451147
2239,-1.9113047504739062,452147
2240,-0.9620794981429606,452305
2241,-0.707029430343568,452464
2242,-1.2519626022619796,453464
2243,-1.5856551074194654,453593
2244,-1.731606849668107,453784
2245,-1.9631563478258913,453958
2246,-1.5104444596651083,454114
2247,-2.0264610089073627,454336
2248,-1.2344543238581198,455336
2249,-0.3696173310712214,456336
2250,0.5741890753276572,457336
2251,0.40342848091630246,458336
2252,0.666121919368176,458485
2253,1.5276881894247314,459485
2254,3.4834774224921397,459575
2255,3.7180373521441736,459743
2256,5.379466498838199,459891
2257,5.354020569954895,460038
2258,5.342534752497715,460147
2259,4.697400771060047,460330
2260,4.593388509720711,460501
2261,4.967156886045236,460681
2262,3.5432501490836374,460846
2263,3.146581751119338,461013
2264,3.1566932562824137,461205
2265,4.788773467163784,462205
2266,5.486933841779522,462429
2267,4.834341869314969,462561
2268,5.1861960505494995,463561
2269,5.177684676354849,463727
2270,4.757031798866266,463878
2271,5.637211966976679,464878
2272,4.63450643912364,465058
2273,4.691304360149967,465193
2274,6.140023706232476,466193
2275,5.531991436733104,466342
2276,4.998535440110237,466469
2277,5.292992568020582,467469
2278,6.830172090328626,467728
2279,7.559131272508125,468728
2280,7.070070082564244,468906
2281,5.364633835998828,469028
2282,6.7909987402387655,469370
2283,6.623319644662103,469513
2284,7.101094651672482,470513
2285,8.330770678855835,471513
2286,9.272676664041803,472513
2287,8.86997300077516,472688
2288,8.472343612015784,473688
2289,10.439698426791878,474688
2290,11.236353842674312,475688
2291,12.02994274527126,475876
2292,11.483466703046028,476055
2293,10.759435069018839,476236
2294,11.263368317482573,477236
2295,10.518143923650433,477428
2296,9.981217508117547,477599
2297,10.527263133416618,477739
2298,9.258906170322078,477981
2299,9.65738660918202,478981
2300,11.056215185850194,479170
2301,10.353315599275607,479352
2302,11.415281947884749,480352
2303,10.916362878802001,480469
2304,11.904086569590323,481469
2305,12.613183650149988,482469
2306,14.823276069140428,482603
2307,16.006616032795918,483603
2308,16.56374061765834,484603
2309,17.423753280200735,485603
2310,17.248729233318326,486603
2311,16.698392908341205,486818
2312,17.530010122166143,487818
2313,17.868223747858067,488818
2314,16.82007387865472,489039
2315,15.321734927989063,489233
2316,14.450658972693281,489371
2317,13.927254322447856,489568
2318,16.01579293057357,489729
2319,16.728853752463046,490729
2320,16.51973602327992,490974
2321,15.226141197059805,491433
2322,15.298871534971372,491654
2323,15.03239572570081,491904
2324,15.239588377742402,492028
2325,14.415896766984975,492175
2326,14.517460393417643,492378
2327,14.897119476880203,492573
2328,15.202632829750568,493573
2329,12.588787190527245,494267
2330,11.81254684766689,494465
2331,14.062578243921275,495465
2332,14.960944262382142,496465
2333,16.03492096311571,496717
2334,17.106883981896637,497717
2335,17.786189874211548,497891
2336,17.48832739165596,498017
2337,17.755557606786923,498174
2338,20.236636932655674,498795
2339,19.382137395114295,498989
2340,19.767946164280577,499989
2341,19.67979534663516,500160
2342,20.131139416344634,500315
2343,20.027393981222236,500570
2344,19.58246657409819,500768
2345,20.187615187710033,500990
2346,19.63205425244186,501211
2347,17.67537213853106,501659
2348,16.871561176923557,501877
2349,15.791351095942364,502088
2350,15.442265137368137,502269
2351,15.863298678222014,503269
2352,16.98991693345271,504269
2353,16.316794007119178,504515
2354,13.112764849314729,504735
2355,13.810347625722063,505735
2356,13.578896448717309,505978
2357,13.273404214101634,506532
2358,13.131963760066942,506785
2359,13.391002852882238,506962
2360,14.052238106119995,507962
2361,14.199934300422775,508194
2362,15.214634684540135,508334
2363,15.119328604063382,508529
2364,13.928460798015204,508923
2365,14.026212514374054,509117
2366,15.126477340723476,510117
2367,15.958179317248272,511117
2368,15.434378596820192,511306
2369,14.911108579315437,511474
2370,15.14116671872142,511643
2371,14.644241609519106,511819
2372,16.108062329294228,512819
2373,16.762683511961626,513819
2374,16.563631848450203,514084
2375,16.533051056394477,514269
2376,16.128733397511386,514653
2377,15.697926769872208,514919
2378,17.052072548357295,515919
2379,17.32513054668482,516919
2380,18.300375957740602,517093
2381,20.801106838140814,518093
2382,22.92284065135763,519093
2383,24.447383657518046,520093
2384,24.99610652699833,521093
2385,24.17481390310222,521304
2386,23.826847402621674,521477
2387,25.66525205611146,522477
2388,25.12960854380313,522714
2389,24.415741903313442,523027
2390,21.441972690089745,523239
2391,22.82182793206632,524239
2392,22.98080578379053,524435
2393,22.012733265524766,524590
2394,21.17772685486557,524806
2395,21.239368852902658,525002
2396,21.538812097646197,525182
2397,21.636280801277664,525392
2398,24.698261751703452,526008
2399,25.860038377033153,526404
2400,26.611837822218195,527404
2401,28.01476438398838,528404
2402,27.24940037641483,528578
2403,28.045957123783566,528728
2404,28.100041649313958,529728
2405,27.50696614843053,530728
2406,27.136409363071362,530957
2407,25.474137527803556,531138
2408,25.244024577709478,532138
2409,26.61667868452353,532648
2410,26.488546995930164,533648
2411,26.459105781482002,533800
2412,25.926497008054536,534039
2413,24.817949302792613,534260
2414,25.55878286711524,534503
2415,27.871012384075833,534699
2416,28.15145120304257,534900
2417,29.27391011564826,535900
2418,29.387093033720316,536182
2419,28.383258890719596,536413
2420,29.557784466594637,537413
2421,32.024670073478596,538413
2422,33.135461257266414,539413
2423,33.258207415021516,539529
2424,34.19637141364261,540529
2425,34.71918412628297,541529
2426,34.45181851170233,541786
2427,33.36630243309674,541964
2428,31.439497577381612,542322
2429,34.163753126486924,543322
2430,33.77432108993305,543545
2431,32.35170493876665,543805
2432,31.407198599288932,544050
2433,30.84608692343222,544246
2434,29.823616300731263,544466
2435,31.00116365563073,545466
2436,32.63390435508146,546466
2437,32.14625341897837,546673
2438,32.09475422369931,547271
2439,32.027616717474054,547468
2440,30.998848991710577,547649
2441,33.719074409975356,548379
2442,34.33734623251656,549379
2443,36.77366437990963,550116
2444,36.89935737805219,550396
2445,36.35706708373023,550661
2446,37.77055946981253,551661
2447,41.24963044127649,552548
2448,43.48070460367908,552940
2449,44.89919440649769,553940
2450,43.49298381296339,554383
2451,41.93890947267925,554599
2452,43.59538798448138,555318
2453,45.65273415510596,556068
2454,48.31346764360242,556274
2455,48.68527834307451,557274
2456,50.75305372866505,557864
2457,51.19668875053578,558071
2458,52.91624142398246,558691
2459,53.52779252396123,558869
2460,55.483291046643316,559749
2461,55.2315413786858,560007
2462,57.205368769774424,560443
2463,57.0985681275188,560678
2464,60.122584169501415,561435
2465,61.84838290163537,561989
2466,61.00240531992871,562198
2467,60.80961454118815,562384
2468,63.03527675060805,562684
2469,66.02286605047594,563009
2470,66.511770092188,563253
2471,68.09593376149078,563754
2472,66.5177979301581,564043
2473,66.0850537648296,564308
2474,65.72406267081229,564479
2475,67.89517652504102,565037
2476,68.92184319342239,565223
2477,69.07297099649034,565426
2478,68.0023336584554,565708
2479,66.45333491302385,565938
2480,68.43938769869963,566309
2481,69.99814894111289,566678
2482,71.92081490715223,567035
2483,70.4711003139499,567193
2484,70.09021935734218,567434
2485,69.81570977892713,567594
2486,69.35841716283602,567856
2487,70.5192952812181,568145
2488,71.5345382714118,568332
2489,71.99064403309339,568500
2490,73.93077066015331,568703
2491,75.6056700514528,569008
2492,75.37569830844272,569230
2493,78.86664864695439,569558
2494,78.61844538355267,569725
2495,80.9599231473797,569935
2496,82.90679627821369,570324
2497,83.113610120742,570548
2498,83.8373579530871,570892
2499,81.69052751897897,571099
2500,83.1327256253518,571377
2501,81.64655202497737,571613
2502,81.96873711078379,571795
2503,81.75997944221648,571982
2504,80.75683123764618,572171
2505,82.52358589216499,572467
2506,82.092214757958,572679
2507,82.70884121568555,572859
2508,81.79142113338209,573078
2509,79.55744100398067,573338
2510,78.92963418739399,573665
2511,80.88939007431642,574076
2512,80.68010073778974,574338
2513,83.0761292822634,574663
2514,83.34105925718491,574856
2515,82.92951734630637,575108
2516,83.17689800323194,575306
2517,81.79779261794027,575542
2518,80.11896797244883,575796
2519,79.52860431731368,576023
2520,81.00761605492636,576320
2521,79.97257845601544,576435
2522,81.816262590633,576848
2523,83.18607665421293,577299
2524,84.20782722605107,577617
2525,85.3447036922033,578035
2526,85.23352638553929,578263
2527,85.94308261031794,578509
2528,89.84351746493896,578888
2529,92.02965628952654,579162
2530,94.50178129416533,579692
2531,94.46980697754216,579950
2532,96.63193881180797,580285
2533,96.48960105352022,580478
2534,98.66496544078436,580774
2535,99.27438079211348,581093
2536,100.83773916234122,581440
2537,99.03629088256932,581774
2538,96.76348447805492,581968
2539,96.5458411513686,582198
2540,96.89093498197315,582411
2541,96.67030599228774,582756
2542,96.02433034537192,582997
2543,93.83684664802735,583259
2544,93.94835480293199,583492
2545,93.71524308261374,583734
2546,92.54654405759304,583935
2547,93.27803514462032,584322
2548,91.0673085774571,584501
2549,92.56109394228167,584866
2550,92.97120397619592,585214
2551,93.67018032834126,585482
2552,90.14635901105234,585869
2553,89.5833179132988,586417
2554,92.16081171714573,586811
2555,91.55475817248258,587025
2556,91.73825815736005,587337
2557,89.66963249581859,587915
2558,90.35750996567607,588359
2559,89.57292035948343,588588
2560,86.39421803523709,588849
2561,88.20753181158125,589142
2562,85.57537565900049,589415
2563,87.66379263492068,589788
2564,88.00561502811793,590125
2565,88.35764803588012,590482
2566,87.94491667947939,590736
2567,89.40968646205509,591146
2568,88.67303095966126,591551
2569,87.93571197688618,591868
2570,87.74034724306155,592056
2571,86.21384692053141,592291
2572,86.73066368903892,592642
2573,86.12676611447051,592836
2574,86.12012165063918,593121
2575,86.26016766658788,593564
2576,88.39007291515387,593873
2577,90.08952538485751,594231
2578,87.12664913200184,594551
2579,90.07388119363328,594946
2580,90.24958437339347,595366
2581,87.92568541534379,595688
2582,88.21799555281227,596195
2583,90.31680092602322,596685
2584,92.92667613547628,597089
2585,95.7091997113282,597439
2586,98.81426507373796,597820
2587,98.67165470543631,598395
2588,100.19196359785064,598762
2589,99.71176100787599,598975
2590,101.38589229447008,599392
2591,101.79731591112296,599828
2592,101.84824496256098,600163
2593,99.21576586809847,600400
2594,101.79574993420643,600765
2595,99.06140782138695,600995
2596,96.6886633340024,601301
2597,96.60862431873122,601491
2598,96.51948830779776,601858
2599,98.7113238380974,602324
2600,96.03741635806144,602639
2601,98.65109975351378,603054
2602,98.41471721857526,603243
2603,100.75965444812668,603660
2604,102.99706191122172,604020
2605,101.90922014945755,604569
2606,104.55972109865617,604958
2607,104.74682541072978,605176
2608,106.43719181963682,605804
2609,109.22089328299242,606173
2610,109.38590762983961,606546
2611,108.70656834677874,607045
2612,110.75371605533593,607482
2613,106.04658610116556,607931
2614,108.30264959028572,608263
2615,108.40240416735783,608568
2616,107.93307369565906,608832
2617,110.96808014297292,609246
2618,113.97175101675504,610033
2619,116.76289576431166,610522
2620,113.91435236406245,610802
2621,116.23860155048753,611170
2622,111.75032640760655,611665
2623,113.01628025271995,612052
2624,112.03832293395695,612587
2625,110.12337678747176,612948
2626,109.52321539028982,613346
2627,109.48902692379033,613654
2628,109.37621034822338,614077
2629,106.17239443910954,614397
2630,106.37007852741667,614802
2631,108.8817212649925,615202
2632,106.47434853300224,615390
2633,107.11974171107664,615626
2634,105.53251338979537,616142
2635,105.81496042731665,616762
2636,105.00834530611304,617187
2637,106.68469007874863,617459
2638,109.46990874514276,617715
2639,109.56248107165293,618071
2640,111.26806646453313,618547
2641,110.81986369052973,618924
2642,113.15241158052959,619281
2643,115.1820240157266,619726
2644,117.41926692773022,620216
2645,119.99319567553248,620541
2646,122.31932915023998,621007
2647,119.8564797782136,621269
2648,119.2682420844286,621648
2649,118.04512113494202,622209
2650,121.32439255974604,622563
2651,121.20781100588972,622794
2652,124.63845033386886,623236
2653,125.45329219697135,623632
2654,123.13066325809868,623907
2655,124.3749533654694,624458
2656,124.47818986718742,624852
2657,128.4979652602725,625239
2658,128.3035744036672,625641
2659,129.60456849680776,626372
2660,130.86696992285508,626963
2661,131.44420948505964,627316
2662,134.17833750022643,627686
2663,132.0586897360552,627907
2664,130.12056886715212,628199
2665,130.37879032282697,628659
2666,130.78482445665975,628938
2667,131.3581650290556,629269
2668,131.55446495117224,629687
2669,132.25758376135727,630085
2670,134.55773917073012,630413
2671,136.70428630033422,630931
2672,136.52500799807075,631426
2673,139.18535210384948,631847
2674,141.35421355424893,632374
2675,138.7570019556087,632694
2676,136.77176907149192,632970
2677,137.2159246991405,633398
2678,142.28596153491566,633926
2679,141.9168474489966,634251
2680,141.86457045698754,634624
2681,144.24643113351755,635088
2682,141.30792666805132,635390
2683,138.0364276289927,635961
2684,138.3390333530308,636410
2685,138.01323824919783,637054
2686,135.61509151573733,637364
2687,135.3225966355849,637834
2688,132.76773179005414,638157
2689,134.83232332128216,638499
2690,135.31771087727236,638897
2691,134.67542844918088,639453
2692,134.36574903834037,639856
2693,132.41815073146304,640309
2694,130.8379180143504,640538
2695,133.13465809535634,640949
2696,135.7083759052317,641342
2697,138.15505158457745,641736
2698,135.5389058505265,642023
2699,135.22447081352374,642358
2700,134.98559033445838,642664
2701,134.67515826761797,643153
2702,137.53671949606814,643544
2703,137.3322835310464,643954
2704,134.5120252047748,644281
2705,132.6877165555621,644636
2706,131.88283788934135,645150
2707,131.82102117199938,645495
2708,130.4334710041786,645831
2709,130.49070491669337,646292
2710,130.4768730963507,646640
2711,131.47858641211195,647171
2712,129.3049652572171,647451
2713,131.69841731859324,647674
2714,131.86445618304478,648100
2715,132.20217338432857,648327
2716,132.2739052295509,648686
2717,132.01002025717867,649092
2718,133.3269934480078,649456
2719,131.12910646165219,649799
2720,130.95728345232635,650048
2721,128.5198987056512,650347
2722,130.14036310722432,650558
2723,127.77914382535398,650800
2724,128.68218518141276,651240
2725,130.89988468318498,651623
2726,134.16225180240747,651987
2727,137.1737654669487,652306
2728,134.13808996168606,652535
2729,133.2097302093441,652985
2730,130.63918026395268,653279
2731,128.18063772131077,653610
2732,128.42167431095814,653929
2733,127.87902100555479,654269
2734,129.43138640033075,654727
2735,126.17854551133217,654953
2736,126.80496814929016,655241
2737,127.39632525115097,655536
2738,127.0099156052542,655936
2739,127.13820615002135,656222
2740,127.816127949768,656612
2741,128.05083345875028,657052
2742,127.65685265337073,657466
2743,127.9867273275839,657880
2744,124.11739671941761,658395
2745,124.46177634485633,658690
2746,124.32932982233133,659132
2747,126.96726428582907,659457
2748,129.92599322189218,659909
2749,128.90078037582919,660230
2750,126.69782291065908,660552
2751,128.72735951303628,661028
2752,125.37101698155702,661335
2753,123.29297155609045,661591
2754,123.38751500315075,661895
2755,121.39519759123392,662127
2756,121.48770636505247,662504
2757,121.08563543426673,663126
2758,121.24284831445968,663524
2759,120.39153871983339,663846
2760,122.02630939556695,664301
2761,121.84873630297412,664731
2762,121.82450499187851,665117
2763,121.4758795229788,665473
2764,123.43919485560349,665906
2765,120.70224973609629,666386
2766,122.81494752625412,666749
2767,122.43475691384792,667213
2768,122.73611790722244,667575
2769,118.22122801716952,667921
2770,115.91696757158252,668246
2771,113.67010538050155,668639
2772,113.43251205684378,669020
2773,111.27078082278109,669259
2774,111.79735197217046,669582
2775,114.32684507311589,670112
2776,116.58773372871767,670446
2777,112.71989343474148,671032
2778,110.44031981619617,671342
2779,110.86236462292331,671768
2780,111.28254341359194,672209
2781,110.95295752425734,672554
2782,113.41126553503769,672960
2783,117.18557453868927,673403
2784,116.66826534451185,673754
2785,116.81542979631199,674423
2786,119.19391642039092,674809
2787,119.554580335472,675136
2788,121.59653467985864,675469
2789,121.59133013319003,675851
2790,121.74165204308342,676330
2791,119.02505167035274,676677
2792,122.10200477602794,677210
2793,126.70649631606051,677551
2794,128.35820038900684,677989
2795,126.37231369537072,678215
2796,126.04271271143728,678633
2797,126.48196210754304,678936
2798,129.38826673308856,679282
2799,129.41541439007972,679667
2800,132.7634299632424,680138
2801,132.77349999459636,680540
2802,132.11468077404786,680993
2803,129.43972991468442,681333
2804,132.21205447429145,681717
2805,134.8858388827983,682056
2806,136.08834830899795,682479
2807,136.08379163148345,682822
2808,136.89426751499437,683382
2809,136.99528869599402,683711
2810,138.91750155486508,684340
2811,139.3108657210127,684711
2812,140.07916749211324,684926
2813,140.3332742241291,685104
2814,140.295553911369,685404
2815,139.8911985517951,685702
2816,142.83399131270141,686030
2817,143.11810320035198,686460
2818,143.13068339466503,686768
2819,143.3951096904829,686927
2820,146.81476406488574,687301
2821,147.2777658502353,687502
2822,148.8391225670947,688045
2823,150.6940867385122,688378
2824,151.000516856669,688673
2825,149.1653933647596,688952
2826,149.35362409550717,689247
2827,148.75729130277514,689591
2828,149.51212840014026,689880
2829,151.23990001286217,690108
2830,151.91284948521198,690386
2831,153.76320953011816,690723
2832,156.26808457570928,690992
2833,156.10568408313313,691260
2834,153.88090747863237,691508
2835,157.3851684564069,691900
2836,154.6199889706961,692188
2837,154.36154105813742,692438
2838,154.6077054982836,692797
2839,157.50732338833936,693048
2840,154.54053745260492,693274
2841,152.30932156169678,693528
2842,149.9486752705029,693802
2843,147.38848635329256,694013
2844,151.4239823859521,694397
2845,150.68373872666504,694990
2846,148.48196160798804,695200
2847,148.1878659117593,695552
2848,147.70095954317082,695939
2849,148.15051144005167,696142
2850,147.90703408639575,696410
2851,148.11636744412982,696910
2852,151.68008284435317,697342
2853,153.67996204740183,697678
2854,156.06117506311017,698057
2855,156.8317718874061,698376
2856,156.96493440992307,698652
2857,157.49505993454764,698949
2858,157.1926584915436,699266
2859,159.50050357377467,699502
2860,156.69132392265712,699728
2861,156.43725751080737,700030
2862,151.84628466228776,700725
2863,154.68212788744225,700990
2864,152.90419775252184,701203
2865,153.09529691308296,701509
2866,153.50946664708692,701874
2867,151.33685173194334,702079
2868,151.89418788965523,702413
2869,155.89566897721295,702846
2870,158.0670667517652,703189
2871,156.86398247526475,703641
2872,159.89913246820467,703981
2873,161.4135138604812,704285
2874,161.1823020477164,704566
2875,160.78690486513617,704955
2876,160.50724499098826,705314
2877,164.08048833493504,705688
2878,166.54118820365068,706046
2879,163.97286343608866,706265
2880,164.06735679015276,706552
2881,164.08250556877752,706852
2882,164.2102826819224,707260
2883,161.14212945247996,707503
2884,161.3962432131213,707973
2885,158.9185047170931,708178
2886,158.98195795813788,708445
2887,159.22864060237475,708763
2888,157.7567342835555,709039
2889,157.7492559420552,709467
2890,158.1893498987596,709823
2891,161.1987749956006,710287
2892,161.0141544515575,710595
2893,160.5224663214742,710979
2894,160.98605190075344,711356
2895,163.15944005547132,711693
2896,163.75188132728547,712042
2897,163.7519005145493,712453
2898,163.07019958530478,713096
2899,160.26753663947073,713616
2900,159.8113439001062,713915
2901,160.33657375515762,714386
2902,160.4614487527725,714870
2903,160.42924161091625,715224
2904,160.73929052296558,715590
2905,161.34976639103786,715866
2906,160.96937331452742,716339
2907,163.03268683764128,716828
2908,163.8847884190359,717308
2909,163.42324486512535,717694
2910,164.52513037474083,718011
2911,164.1485748931757,718368
2912,166.24914905164897,718715
2913,168.26665261602128,719185
2914,167.61047797229747,719648
2915,170.04393371347695,720371
2916,166.83273420161083,720773
2917,166.78103603938354,721097
2918,166.78544267856407,721392
2919,169.19495345992777,721758
2920,169.00256401845343,722038
2921,168.3457558610394,722386
2922,169.2491943364386,722781
2923,169.31414993715418,723262
2924,169.19053221719304,723603
2925,171.4819394483501,723923
2926,170.68406751747244,724374
2927,170.44890272766995,724875
2928,172.49236727769576,725208
2929,174.42856800223427,725582
2930,176.1959696672134,726013
2931,177.28770854601487,726304
2932,177.42908942116784,726655
2933,180.18881732381257,727025
2934,179.46166201719535,727428
2935,179.1147611372042,727732
2936,181.86144519417095,728157
2937,184.03570757401468,728601
2938,179.18350125762217,729101
2939,178.70959036876104,729504
2940,181.51542715246563,729792
2941,183.7646412023908,730240
2942,186.42836775774896,730536
2943,186.98487243934315,730748
2944,187.18203141202062,731057
2945,187.89038323056218,731369
2946,190.64124663320436,731617
2947,190.94655898971033,731928
2948,191.72942457903576,732220
2949,193.77279783229858,732542
2950,196.1424954172935,732897
